"batch_id","run_id","jcm","ccrs_mode","file","line","mase_run_id","archive_id","timestamp","agent","cell","capture_source"
"baseline-vs-ccrs-v1","001-baseline","dfs_baseline.jcm","none","mase-events.jsonl","4827","run-2026-05-24T11-07-04-892Z","6413453","1779624399386","http://127.0.1.1:8080/agents/dfs_baseline_nesw_1","http://127.0.1.1:8080/cells/0","unknown"
"baseline-vs-ccrs-v1","001-baseline","dfs_baseline.jcm","none","mase-events.jsonl","4829","run-2026-05-24T11-07-04-892Z","6413455","1779624399546","http://127.0.1.1:8080/agents/dfs_baseline_nesw_1","http://127.0.1.1:8080/cells/0/2","unknown"
"baseline-vs-ccrs-v1","001-baseline","dfs_baseline.jcm","none","mase-events.jsonl","4831","run-2026-05-24T11-07-04-892Z","6413457","1779624399702","http://127.0.1.1:8080/agents/dfs_baseline_nesw_1","http://127.0.1.1:8080/cells/1/2","unknown"
"baseline-vs-ccrs-v1","001-baseline","dfs_baseline.jcm","none","mase-events.jsonl","4833","run-2026-05-24T11-07-04-892Z","6413459","1779624399861","http://127.0.1.1:8080/agents/dfs_baseline_nesw_1","http://127.0.1.1:8080/cells/2/2","unknown"
"baseline-vs-ccrs-v1","001-baseline","dfs_baseline.jcm","none","mase-events.jsonl","4835","run-2026-05-24T11-07-04-892Z","6413461","1779624400010","http://127.0.1.1:8080/agents/dfs_baseline_nesw_1","http://127.0.1.1:8080/cells/2/3","unknown"
"baseline-vs-ccrs-v1","001-baseline","dfs_baseline.jcm","none","mase-events.jsonl","4837","run-2026-05-24T11-07-04-892Z","6413463","1779624400153","http://127.0.1.1:8080/agents/dfs_baseline_nesw_1","http://127.0.1.1:8080/cells/2/4","unknown"
"baseline-vs-ccrs-v1","001-baseline","dfs_baseline.jcm","none","mase-events.jsonl","4839","run-2026-05-24T11-07-04-892Z","6413465","1779624400298","http://127.0.1.1:8080/agents/dfs_baseline_nesw_1","http://127.0.1.1:8080/cells/1/4","unknown"
"baseline-vs-ccrs-v1","001-baseline","dfs_baseline.jcm","none","mase-events.jsonl","4841","run-2026-05-24T11-07-04-892Z","6413467","1779624400440","http://127.0.1.1:8080/agents/dfs_baseline_nesw_1","http://127.0.1.1:8080/cells/1/5","unknown"
"baseline-vs-ccrs-v1","001-baseline","dfs_baseline.jcm","none","mase-events.jsonl","4843","run-2026-05-24T11-07-04-892Z","6413469","1779624400572","http://127.0.1.1:8080/agents/dfs_baseline_nesw_1","http://127.0.1.1:8080/cells/1/6","unknown"
"baseline-vs-ccrs-v1","001-baseline","dfs_baseline.jcm","none","mase-events.jsonl","4845","run-2026-05-24T11-07-04-892Z","6413471","1779624400699","http://127.0.1.1:8080/agents/dfs_baseline_nesw_1","http://127.0.1.1:8080/cells/1/7","unknown"
"baseline-vs-ccrs-v1","001-baseline","dfs_baseline.jcm","none","mase-events.jsonl","4847","run-2026-05-24T11-07-04-892Z","6413473","1779624400821","http://127.0.1.1:8080/agents/dfs_baseline_nesw_1","http://127.0.1.1:8080/cells/1/6","unknown"
"baseline-vs-ccrs-v1","001-baseline","dfs_baseline.jcm","none","mase-events.jsonl","4849","run-2026-05-24T11-07-04-892Z","6413475","1779624400947","http://127.0.1.1:8080/agents/dfs_baseline_nesw_1","http://127.0.1.1:8080/cells/2/6","unknown"
"baseline-vs-ccrs-v1","001-baseline","dfs_baseline.jcm","none","mase-events.jsonl","4851","run-2026-05-24T11-07-04-892Z","6413477","1779624401078","http://127.0.1.1:8080/agents/dfs_baseline_nesw_1","http://127.0.1.1:8080/cells/3/6","unknown"
"baseline-vs-ccrs-v1","001-baseline","dfs_baseline.jcm","none","mase-events.jsonl","4853","run-2026-05-24T11-07-04-892Z","6413479","1779624401208","http://127.0.1.1:8080/agents/dfs_baseline_nesw_1","http://127.0.1.1:8080/cells/3/7","unknown"
"baseline-vs-ccrs-v1","001-baseline","dfs_baseline.jcm","none","mase-events.jsonl","4855","run-2026-05-24T11-07-04-892Z","6413481","1779624401332","http://127.0.1.1:8080/agents/dfs_baseline_nesw_1","http://127.0.1.1:8080/cells/3/8","unknown"
"baseline-vs-ccrs-v1","001-baseline","dfs_baseline.jcm","none","mase-events.jsonl","4857","run-2026-05-24T11-07-04-892Z","6413483","1779624401470","http://127.0.1.1:8080/agents/dfs_baseline_nesw_1","http://127.0.1.1:8080/cells/3/9","unknown"
"baseline-vs-ccrs-v1","001-baseline","dfs_baseline.jcm","none","mase-events.jsonl","4859","run-2026-05-24T11-07-04-892Z","6413485","1779624401606","http://127.0.1.1:8080/agents/dfs_baseline_nesw_1","http://127.0.1.1:8080/cells/2/9","unknown"
"baseline-vs-ccrs-v1","001-baseline","dfs_baseline.jcm","none","mase-events.jsonl","4861","run-2026-05-24T11-07-04-892Z","6413487","1779624401742","http://127.0.1.1:8080/agents/dfs_baseline_nesw_1","http://127.0.1.1:8080/cells/2/10","unknown"
"baseline-vs-ccrs-v1","001-baseline","dfs_baseline.jcm","none","mase-events.jsonl","4863","run-2026-05-24T11-07-04-892Z","6413489","1779624401866","http://127.0.1.1:8080/agents/dfs_baseline_nesw_1","http://127.0.1.1:8080/cells/1/10","unknown"
"baseline-vs-ccrs-v1","001-baseline","dfs_baseline.jcm","none","mase-events.jsonl","4865","run-2026-05-24T11-07-04-892Z","6413491","1779624401992","http://127.0.1.1:8080/agents/dfs_baseline_nesw_1","http://127.0.1.1:8080/cells/2/10","unknown"
"baseline-vs-ccrs-v1","001-baseline","dfs_baseline.jcm","none","mase-events.jsonl","4867","run-2026-05-24T11-07-04-892Z","6413493","1779624402129","http://127.0.1.1:8080/agents/dfs_baseline_nesw_1","http://127.0.1.1:8080/cells/2/11","unknown"
"baseline-vs-ccrs-v1","001-baseline","dfs_baseline.jcm","none","mase-events.jsonl","4869","run-2026-05-24T11-07-04-892Z","6413495","1779624402263","http://127.0.1.1:8080/agents/dfs_baseline_nesw_1","http://127.0.1.1:8080/cells/2/10","unknown"
"baseline-vs-ccrs-v1","001-baseline","dfs_baseline.jcm","none","mase-events.jsonl","4871","run-2026-05-24T11-07-04-892Z","6413497","1779624402393","http://127.0.1.1:8080/agents/dfs_baseline_nesw_1","http://127.0.1.1:8080/cells/2/9","unknown"
"baseline-vs-ccrs-v1","001-baseline","dfs_baseline.jcm","none","mase-events.jsonl","4873","run-2026-05-24T11-07-04-892Z","6413499","1779624402507","http://127.0.1.1:8080/agents/dfs_baseline_nesw_1","http://127.0.1.1:8080/cells/3/9","unknown"
"baseline-vs-ccrs-v1","001-baseline","dfs_baseline.jcm","none","mase-events.jsonl","4875","run-2026-05-24T11-07-04-892Z","6413501","1779624402628","http://127.0.1.1:8080/agents/dfs_baseline_nesw_1","http://127.0.1.1:8080/cells/4/9","unknown"
"baseline-vs-ccrs-v1","001-baseline","dfs_baseline.jcm","none","mase-events.jsonl","4877","run-2026-05-24T11-07-04-892Z","6413503","1779624402743","http://127.0.1.1:8080/agents/dfs_baseline_nesw_1","http://127.0.1.1:8080/cells/5/9","unknown"
"baseline-vs-ccrs-v1","001-baseline","dfs_baseline.jcm","none","mase-events.jsonl","4879","run-2026-05-24T11-07-04-892Z","6413505","1779624402879","http://127.0.1.1:8080/agents/dfs_baseline_nesw_1","http://127.0.1.1:8080/cells/6/9","unknown"
"baseline-vs-ccrs-v1","001-baseline","dfs_baseline.jcm","none","mase-events.jsonl","4881","run-2026-05-24T11-07-04-892Z","6413507","1779624402990","http://127.0.1.1:8080/agents/dfs_baseline_nesw_1","http://127.0.1.1:8080/cells/7/9","unknown"
"baseline-vs-ccrs-v1","001-baseline","dfs_baseline.jcm","none","mase-events.jsonl","4883","run-2026-05-24T11-07-04-892Z","6413509","1779624403119","http://127.0.1.1:8080/agents/dfs_baseline_nesw_1","http://127.0.1.1:8080/cells/7/10","unknown"
"baseline-vs-ccrs-v1","001-baseline","dfs_baseline.jcm","none","mase-events.jsonl","4885","run-2026-05-24T11-07-04-892Z","6413511","1779624403239","http://127.0.1.1:8080/agents/dfs_baseline_nesw_1","http://127.0.1.1:8080/cells/7/11","unknown"
"baseline-vs-ccrs-v1","001-baseline","dfs_baseline.jcm","none","mase-events.jsonl","4887","run-2026-05-24T11-07-04-892Z","6413513","1779624403357","http://127.0.1.1:8080/agents/dfs_baseline_nesw_1","http://127.0.1.1:8080/cells/6/11","unknown"
"baseline-vs-ccrs-v1","001-baseline","dfs_baseline.jcm","none","mase-events.jsonl","4889","run-2026-05-24T11-07-04-892Z","6413515","1779624403479","http://127.0.1.1:8080/agents/dfs_baseline_nesw_1","http://127.0.1.1:8080/cells/5/11","unknown"
"baseline-vs-ccrs-v1","001-baseline","dfs_baseline.jcm","none","mase-events.jsonl","4891","run-2026-05-24T11-07-04-892Z","6413517","1779624403605","http://127.0.1.1:8080/agents/dfs_baseline_nesw_1","http://127.0.1.1:8080/cells/4/11","unknown"
"baseline-vs-ccrs-v1","001-baseline","dfs_baseline.jcm","none","mase-events.jsonl","4893","run-2026-05-24T11-07-04-892Z","6413519","1779624403734","http://127.0.1.1:8080/agents/dfs_baseline_nesw_1","http://127.0.1.1:8080/cells/5/11","unknown"
"baseline-vs-ccrs-v1","001-baseline","dfs_baseline.jcm","none","mase-events.jsonl","4895","run-2026-05-24T11-07-04-892Z","6413521","1779624403860","http://127.0.1.1:8080/agents/dfs_baseline_nesw_1","http://127.0.1.1:8080/cells/6/11","unknown"
"baseline-vs-ccrs-v1","001-baseline","dfs_baseline.jcm","none","mase-events.jsonl","4897","run-2026-05-24T11-07-04-892Z","6413523","1779624403985","http://127.0.1.1:8080/agents/dfs_baseline_nesw_1","http://127.0.1.1:8080/cells/7/11","unknown"
"baseline-vs-ccrs-v1","001-baseline","dfs_baseline.jcm","none","mase-events.jsonl","4899","run-2026-05-24T11-07-04-892Z","6413525","1779624404119","http://127.0.1.1:8080/agents/dfs_baseline_nesw_1","http://127.0.1.1:8080/cells/7/12","unknown"
"baseline-vs-ccrs-v1","001-baseline","dfs_baseline.jcm","none","mase-events.jsonl","4901","run-2026-05-24T11-07-04-892Z","6413527","1779624404245","http://127.0.1.1:8080/agents/dfs_baseline_nesw_1","http://127.0.1.1:8080/cells/8/12","unknown"
"baseline-vs-ccrs-v1","001-baseline","dfs_baseline.jcm","none","mase-events.jsonl","4903","run-2026-05-24T11-07-04-892Z","6413529","1779624404368","http://127.0.1.1:8080/agents/dfs_baseline_nesw_1","http://127.0.1.1:8080/cells/8/13","unknown"
"baseline-vs-ccrs-v1","001-baseline","dfs_baseline.jcm","none","mase-events.jsonl","4905","run-2026-05-24T11-07-04-892Z","6413531","1779624404501","http://127.0.1.1:8080/agents/dfs_baseline_nesw_1","http://127.0.1.1:8080/cells/8/14","unknown"
"baseline-vs-ccrs-v1","001-baseline","dfs_baseline.jcm","none","mase-events.jsonl","4907","run-2026-05-24T11-07-04-892Z","6413533","1779624404626","http://127.0.1.1:8080/agents/dfs_baseline_nesw_1","http://127.0.1.1:8080/cells/7/14","unknown"
"baseline-vs-ccrs-v1","001-baseline","dfs_baseline.jcm","none","mase-events.jsonl","4909","run-2026-05-24T11-07-04-892Z","6413535","1779624404761","http://127.0.1.1:8080/agents/dfs_baseline_nesw_1","http://127.0.1.1:8080/cells/6/14","unknown"
"baseline-vs-ccrs-v1","001-baseline","dfs_baseline.jcm","none","mase-events.jsonl","4911","run-2026-05-24T11-07-04-892Z","6413537","1779624404890","http://127.0.1.1:8080/agents/dfs_baseline_nesw_1","http://127.0.1.1:8080/cells/5/14","unknown"
"baseline-vs-ccrs-v1","001-baseline","dfs_baseline.jcm","none","mase-events.jsonl","4913","run-2026-05-24T11-07-04-892Z","6413539","1779624405013","http://127.0.1.1:8080/agents/dfs_baseline_nesw_1","http://127.0.1.1:8080/cells/5/13","unknown"
"baseline-vs-ccrs-v1","001-baseline","dfs_baseline.jcm","none","mase-events.jsonl","4915","run-2026-05-24T11-07-04-892Z","6413541","1779624405139","http://127.0.1.1:8080/agents/dfs_baseline_nesw_1","http://127.0.1.1:8080/cells/5/14","unknown"
"baseline-vs-ccrs-v1","001-baseline","dfs_baseline.jcm","none","mase-events.jsonl","4917","run-2026-05-24T11-07-04-892Z","6413543","1779624405263","http://127.0.1.1:8080/agents/dfs_baseline_nesw_1","http://127.0.1.1:8080/cells/6/14","unknown"
"baseline-vs-ccrs-v1","001-baseline","dfs_baseline.jcm","none","mase-events.jsonl","4919","run-2026-05-24T11-07-04-892Z","6413545","1779624405386","http://127.0.1.1:8080/agents/dfs_baseline_nesw_1","http://127.0.1.1:8080/cells/7/14","unknown"
"baseline-vs-ccrs-v1","001-baseline","dfs_baseline.jcm","none","mase-events.jsonl","4921","run-2026-05-24T11-07-04-892Z","6413547","1779624405509","http://127.0.1.1:8080/agents/dfs_baseline_nesw_1","http://127.0.1.1:8080/cells/8/14","unknown"
"baseline-vs-ccrs-v1","001-baseline","dfs_baseline.jcm","none","mase-events.jsonl","4923","run-2026-05-24T11-07-04-892Z","6413549","1779624405627","http://127.0.1.1:8080/agents/dfs_baseline_nesw_1","http://127.0.1.1:8080/cells/8/15","unknown"
"baseline-vs-ccrs-v1","001-baseline","dfs_baseline.jcm","none","mase-events.jsonl","4925","run-2026-05-24T11-07-04-892Z","6413551","1779624405740","http://127.0.1.1:8080/agents/dfs_baseline_nesw_1","http://127.0.1.1:8080/cells/9/15","unknown"
"baseline-vs-ccrs-v1","001-baseline","dfs_baseline.jcm","none","mase-events.jsonl","4927","run-2026-05-24T11-07-04-892Z","6413553","1779624405863","http://127.0.1.1:8080/agents/dfs_baseline_nesw_1","http://127.0.1.1:8080/cells/9/16","unknown"
"baseline-vs-ccrs-v1","001-baseline","dfs_baseline.jcm","none","mase-events.jsonl","4929","run-2026-05-24T11-07-04-892Z","6413555","1779624405986","http://127.0.1.1:8080/agents/dfs_baseline_nesw_1","http://127.0.1.1:8080/cells/9/17","unknown"
"baseline-vs-ccrs-v1","001-baseline","dfs_baseline.jcm","none","mase-events.jsonl","4931","run-2026-05-24T11-07-04-892Z","6413557","1779624406112","http://127.0.1.1:8080/agents/dfs_baseline_nesw_1","http://127.0.1.1:8080/cells/8/17","unknown"
"baseline-vs-ccrs-v1","001-baseline","dfs_baseline.jcm","none","mase-events.jsonl","4933","run-2026-05-24T11-07-04-892Z","6413559","1779624406233","http://127.0.1.1:8080/agents/dfs_baseline_nesw_1","http://127.0.1.1:8080/cells/7/17","unknown"
"baseline-vs-ccrs-v1","001-baseline","dfs_baseline.jcm","none","mase-events.jsonl","4935","run-2026-05-24T11-07-04-892Z","6413561","1779624406358","http://127.0.1.1:8080/agents/dfs_baseline_nesw_1","http://127.0.1.1:8080/cells/6/17","unknown"
"baseline-vs-ccrs-v1","001-baseline","dfs_baseline.jcm","none","mase-events.jsonl","4937","run-2026-05-24T11-07-04-892Z","6413563","1779624406490","http://127.0.1.1:8080/agents/dfs_baseline_nesw_1","http://127.0.1.1:8080/cells/5/17","unknown"
"baseline-vs-ccrs-v1","001-baseline","dfs_baseline.jcm","none","mase-events.jsonl","4939","run-2026-05-24T11-07-04-892Z","6413565","1779624406613","http://127.0.1.1:8080/agents/dfs_baseline_nesw_1","http://127.0.1.1:8080/cells/4/17","unknown"
"baseline-vs-ccrs-v1","001-baseline","dfs_baseline.jcm","none","mase-events.jsonl","4941","run-2026-05-24T11-07-04-892Z","6413567","1779624406728","http://127.0.1.1:8080/agents/dfs_baseline_nesw_1","http://127.0.1.1:8080/cells/3/17","unknown"
"baseline-vs-ccrs-v1","001-baseline","dfs_baseline.jcm","none","mase-events.jsonl","4943","run-2026-05-24T11-07-04-892Z","6413569","1779624406856","http://127.0.1.1:8080/agents/dfs_baseline_nesw_1","http://127.0.1.1:8080/cells/3/16","unknown"
"baseline-vs-ccrs-v1","001-baseline","dfs_baseline.jcm","none","mase-events.jsonl","4945","run-2026-05-24T11-07-04-892Z","6413571","1779624406979","http://127.0.1.1:8080/agents/dfs_baseline_nesw_1","http://127.0.1.1:8080/cells/2/16","unknown"
"baseline-vs-ccrs-v1","001-baseline","dfs_baseline.jcm","none","mase-events.jsonl","4947","run-2026-05-24T11-07-04-892Z","6413573","1779624407095","http://127.0.1.1:8080/agents/dfs_baseline_nesw_1","http://127.0.1.1:8080/cells/1/16","unknown"
"baseline-vs-ccrs-v1","001-baseline","dfs_baseline.jcm","none","mase-events.jsonl","4949","run-2026-05-24T11-07-04-892Z","6413575","1779624407224","http://127.0.1.1:8080/agents/dfs_baseline_nesw_1","http://127.0.1.1:8080/cells/2/16","unknown"
"baseline-vs-ccrs-v1","001-baseline","dfs_baseline.jcm","none","mase-events.jsonl","4951","run-2026-05-24T11-07-04-892Z","6413577","1779624407352","http://127.0.1.1:8080/agents/dfs_baseline_nesw_1","http://127.0.1.1:8080/cells/3/16","unknown"
"baseline-vs-ccrs-v1","001-baseline","dfs_baseline.jcm","none","mase-events.jsonl","4953","run-2026-05-24T11-07-04-892Z","6413579","1779624407480","http://127.0.1.1:8080/agents/dfs_baseline_nesw_1","http://127.0.1.1:8080/cells/3/15","unknown"
"baseline-vs-ccrs-v1","001-baseline","dfs_baseline.jcm","none","mase-events.jsonl","4955","run-2026-05-24T11-07-04-892Z","6413581","1779624407605","http://127.0.1.1:8080/agents/dfs_baseline_nesw_1","http://127.0.1.1:8080/cells/3/14","unknown"
"baseline-vs-ccrs-v1","001-baseline","dfs_baseline.jcm","none","mase-events.jsonl","4957","run-2026-05-24T11-07-04-892Z","6413583","1779624407729","http://127.0.1.1:8080/agents/dfs_baseline_nesw_1","http://127.0.1.1:8080/cells/2/14","unknown"
"baseline-vs-ccrs-v1","001-baseline","dfs_baseline.jcm","none","mase-events.jsonl","4959","run-2026-05-24T11-07-04-892Z","6413585","1779624407854","http://127.0.1.1:8080/agents/dfs_baseline_nesw_1","http://127.0.1.1:8080/cells/1/14","unknown"
"baseline-vs-ccrs-v1","001-baseline","dfs_baseline.jcm","none","mase-events.jsonl","4961","run-2026-05-24T11-07-04-892Z","6413587","1779624407971","http://127.0.1.1:8080/agents/dfs_baseline_nesw_1","http://127.0.1.1:8080/cells/1/13","unknown"
"baseline-vs-ccrs-v1","001-baseline","dfs_baseline.jcm","none","mase-events.jsonl","4963","run-2026-05-24T11-07-04-892Z","6413589","1779624408082","http://127.0.1.1:8080/agents/dfs_baseline_nesw_1","http://127.0.1.1:8080/cells/1/14","unknown"
"baseline-vs-ccrs-v1","001-baseline","dfs_baseline.jcm","none","mase-events.jsonl","4965","run-2026-05-24T11-07-04-892Z","6413591","1779624408199","http://127.0.1.1:8080/agents/dfs_baseline_nesw_1","http://127.0.1.1:8080/cells/2/14","unknown"
"baseline-vs-ccrs-v1","001-baseline","dfs_baseline.jcm","none","mase-events.jsonl","4967","run-2026-05-24T11-07-04-892Z","6413593","1779624408320","http://127.0.1.1:8080/agents/dfs_baseline_nesw_1","http://127.0.1.1:8080/cells/3/14","unknown"
"baseline-vs-ccrs-v1","001-baseline","dfs_baseline.jcm","none","mase-events.jsonl","4969","run-2026-05-24T11-07-04-892Z","6413595","1779624408445","http://127.0.1.1:8080/agents/dfs_baseline_nesw_1","http://127.0.1.1:8080/cells/3/13","unknown"
"baseline-vs-ccrs-v1","001-baseline","dfs_baseline.jcm","none","mase-events.jsonl","4971","run-2026-05-24T11-07-04-892Z","6413597","1779624408563","http://127.0.1.1:8080/agents/dfs_baseline_nesw_1","http://127.0.1.1:8080/cells/3/14","unknown"
"baseline-vs-ccrs-v1","001-baseline","dfs_baseline.jcm","none","mase-events.jsonl","4973","run-2026-05-24T11-07-04-892Z","6413599","1779624408688","http://127.0.1.1:8080/agents/dfs_baseline_nesw_1","http://127.0.1.1:8080/cells/3/15","unknown"
"baseline-vs-ccrs-v1","001-baseline","dfs_baseline.jcm","none","mase-events.jsonl","4975","run-2026-05-24T11-07-04-892Z","6413601","1779624408815","http://127.0.1.1:8080/agents/dfs_baseline_nesw_1","http://127.0.1.1:8080/cells/3/16","unknown"
"baseline-vs-ccrs-v1","001-baseline","dfs_baseline.jcm","none","mase-events.jsonl","4977","run-2026-05-24T11-07-04-892Z","6413603","1779624408943","http://127.0.1.1:8080/agents/dfs_baseline_nesw_1","http://127.0.1.1:8080/cells/3/17","unknown"
"baseline-vs-ccrs-v1","001-baseline","dfs_baseline.jcm","none","mase-events.jsonl","4979","run-2026-05-24T11-07-04-892Z","6413605","1779624409060","http://127.0.1.1:8080/agents/dfs_baseline_nesw_1","http://127.0.1.1:8080/cells/4/17","unknown"
"baseline-vs-ccrs-v1","001-baseline","dfs_baseline.jcm","none","mase-events.jsonl","4981","run-2026-05-24T11-07-04-892Z","6413607","1779624409192","http://127.0.1.1:8080/agents/dfs_baseline_nesw_1","http://127.0.1.1:8080/cells/5/17","unknown"
"baseline-vs-ccrs-v1","001-baseline","dfs_baseline.jcm","none","mase-events.jsonl","4983","run-2026-05-24T11-07-04-892Z","6413609","1779624409314","http://127.0.1.1:8080/agents/dfs_baseline_nesw_1","http://127.0.1.1:8080/cells/5/18","unknown"
"baseline-vs-ccrs-v1","001-baseline","dfs_baseline.jcm","none","mase-events.jsonl","4985","run-2026-05-24T11-07-04-892Z","6413611","1779624409439","http://127.0.1.1:8080/agents/dfs_baseline_nesw_1","http://127.0.1.1:8080/cells/5/19","unknown"
"baseline-vs-ccrs-v1","001-baseline","dfs_baseline.jcm","none","mase-events.jsonl","4987","run-2026-05-24T11-07-04-892Z","6413613","1779624409573","http://127.0.1.1:8080/agents/dfs_baseline_nesw_1","http://127.0.1.1:8080/cells/4/19","unknown"
"baseline-vs-ccrs-v1","001-baseline","dfs_baseline.jcm","none","mase-events.jsonl","4989","run-2026-05-24T11-07-04-892Z","6413615","1779624409693","http://127.0.1.1:8080/agents/dfs_baseline_nesw_1","http://127.0.1.1:8080/cells/5/19","unknown"
"baseline-vs-ccrs-v1","001-baseline","dfs_baseline.jcm","none","mase-events.jsonl","4991","run-2026-05-24T11-07-04-892Z","6413617","1779624409821","http://127.0.1.1:8080/agents/dfs_baseline_nesw_1","http://127.0.1.1:8080/cells/5/18","unknown"
"baseline-vs-ccrs-v1","001-baseline","dfs_baseline.jcm","none","mase-events.jsonl","4993","run-2026-05-24T11-07-04-892Z","6413619","1779624409937","http://127.0.1.1:8080/agents/dfs_baseline_nesw_1","http://127.0.1.1:8080/cells/5/17","unknown"
"baseline-vs-ccrs-v1","001-baseline","dfs_baseline.jcm","none","mase-events.jsonl","4995","run-2026-05-24T11-07-04-892Z","6413621","1779624410056","http://127.0.1.1:8080/agents/dfs_baseline_nesw_1","http://127.0.1.1:8080/cells/6/17","unknown"
"baseline-vs-ccrs-v1","001-baseline","dfs_baseline.jcm","none","mase-events.jsonl","4997","run-2026-05-24T11-07-04-892Z","6413623","1779624410179","http://127.0.1.1:8080/agents/dfs_baseline_nesw_1","http://127.0.1.1:8080/cells/6/16","unknown"
"baseline-vs-ccrs-v1","001-baseline","dfs_baseline.jcm","none","mase-events.jsonl","4999","run-2026-05-24T11-07-04-892Z","6413625","1779624410298","http://127.0.1.1:8080/agents/dfs_baseline_nesw_1","http://127.0.1.1:8080/cells/6/17","unknown"
"baseline-vs-ccrs-v1","001-baseline","dfs_baseline.jcm","none","mase-events.jsonl","5001","run-2026-05-24T11-07-04-892Z","6413627","1779624410419","http://127.0.1.1:8080/agents/dfs_baseline_nesw_1","http://127.0.1.1:8080/cells/7/17","unknown"
"baseline-vs-ccrs-v1","001-baseline","dfs_baseline.jcm","none","mase-events.jsonl","5003","run-2026-05-24T11-07-04-892Z","6413629","1779624410531","http://127.0.1.1:8080/agents/dfs_baseline_nesw_1","http://127.0.1.1:8080/cells/8/17","unknown"
"baseline-vs-ccrs-v1","001-baseline","dfs_baseline.jcm","none","mase-events.jsonl","5005","run-2026-05-24T11-07-04-892Z","6413631","1779624410653","http://127.0.1.1:8080/agents/dfs_baseline_nesw_1","http://127.0.1.1:8080/cells/9/17","unknown"
"baseline-vs-ccrs-v1","001-baseline","dfs_baseline.jcm","none","mase-events.jsonl","5007","run-2026-05-24T11-07-04-892Z","6413633","1779624410778","http://127.0.1.1:8080/agents/dfs_baseline_nesw_1","http://127.0.1.1:8080/cells/10/17","unknown"
"baseline-vs-ccrs-v1","001-baseline","dfs_baseline.jcm","none","mase-events.jsonl","5009","run-2026-05-24T11-07-04-892Z","6413635","1779624410900","http://127.0.1.1:8080/agents/dfs_baseline_nesw_1","http://127.0.1.1:8080/cells/11/17","unknown"
"baseline-vs-ccrs-v1","001-baseline","dfs_baseline.jcm","none","mase-events.jsonl","5011","run-2026-05-24T11-07-04-892Z","6413637","1779624411016","http://127.0.1.1:8080/agents/dfs_baseline_nesw_1","http://127.0.1.1:8080/cells/11/18","unknown"
"baseline-vs-ccrs-v1","001-baseline","dfs_baseline.jcm","none","mase-events.jsonl","5013","run-2026-05-24T11-07-04-892Z","6413639","1779624411130","http://127.0.1.1:8080/agents/dfs_baseline_nesw_1","http://127.0.1.1:8080/cells/12/18","unknown"
"baseline-vs-ccrs-v1","001-baseline","dfs_baseline.jcm","none","mase-events.jsonl","5015","run-2026-05-24T11-07-04-892Z","6413641","1779624411258","http://127.0.1.1:8080/agents/dfs_baseline_nesw_1","http://127.0.1.1:8080/cells/13/18","unknown"
"baseline-vs-ccrs-v1","001-baseline","dfs_baseline.jcm","none","mase-events.jsonl","5017","run-2026-05-24T11-07-04-892Z","6413643","1779624411375","http://127.0.1.1:8080/agents/dfs_baseline_nesw_1","http://127.0.1.1:8080/cells/13/17","unknown"
"baseline-vs-ccrs-v1","001-baseline","dfs_baseline.jcm","none","mase-events.jsonl","5019","run-2026-05-24T11-07-04-892Z","6413645","1779624411508","http://127.0.1.1:8080/agents/dfs_baseline_nesw_1","http://127.0.1.1:8080/cells/13/16","unknown"
"baseline-vs-ccrs-v1","001-baseline","dfs_baseline.jcm","none","mase-events.jsonl","5021","run-2026-05-24T11-07-04-892Z","6413647","1779624411622","http://127.0.1.1:8080/agents/dfs_baseline_nesw_1","http://127.0.1.1:8080/cells/13/17","unknown"
"baseline-vs-ccrs-v1","001-baseline","dfs_baseline.jcm","none","mase-events.jsonl","5023","run-2026-05-24T11-07-04-892Z","6413649","1779624411748","http://127.0.1.1:8080/agents/dfs_baseline_nesw_1","http://127.0.1.1:8080/cells/13/18","unknown"
"baseline-vs-ccrs-v1","001-baseline","dfs_baseline.jcm","none","mase-events.jsonl","5025","run-2026-05-24T11-07-04-892Z","6413651","1779624411866","http://127.0.1.1:8080/agents/dfs_baseline_nesw_1","http://127.0.1.1:8080/cells/12/18","unknown"
"baseline-vs-ccrs-v1","001-baseline","dfs_baseline.jcm","none","mase-events.jsonl","5027","run-2026-05-24T11-07-04-892Z","6413653","1779624411984","http://127.0.1.1:8080/agents/dfs_baseline_nesw_1","http://127.0.1.1:8080/cells/11/18","unknown"
"baseline-vs-ccrs-v1","001-baseline","dfs_baseline.jcm","none","mase-events.jsonl","5029","run-2026-05-24T11-07-04-892Z","6413655","1779624412117","http://127.0.1.1:8080/agents/dfs_baseline_nesw_1","http://127.0.1.1:8080/cells/11/17","unknown"
"baseline-vs-ccrs-v1","001-baseline","dfs_baseline.jcm","none","mase-events.jsonl","5031","run-2026-05-24T11-07-04-892Z","6413657","1779624412255","http://127.0.1.1:8080/agents/dfs_baseline_nesw_1","http://127.0.1.1:8080/cells/11/16","unknown"
"baseline-vs-ccrs-v1","001-baseline","dfs_baseline.jcm","none","mase-events.jsonl","5033","run-2026-05-24T11-07-04-892Z","6413659","1779624412374","http://127.0.1.1:8080/agents/dfs_baseline_nesw_1","http://127.0.1.1:8080/cells/11/17","unknown"
"baseline-vs-ccrs-v1","001-baseline","dfs_baseline.jcm","none","mase-events.jsonl","5035","run-2026-05-24T11-07-04-892Z","6413661","1779624412497","http://127.0.1.1:8080/agents/dfs_baseline_nesw_1","http://127.0.1.1:8080/cells/10/17","unknown"
"baseline-vs-ccrs-v1","001-baseline","dfs_baseline.jcm","none","mase-events.jsonl","5037","run-2026-05-24T11-07-04-892Z","6413663","1779624412613","http://127.0.1.1:8080/agents/dfs_baseline_nesw_1","http://127.0.1.1:8080/cells/9/17","unknown"
"baseline-vs-ccrs-v1","001-baseline","dfs_baseline.jcm","none","mase-events.jsonl","5039","run-2026-05-24T11-07-04-892Z","6413665","1779624412732","http://127.0.1.1:8080/agents/dfs_baseline_nesw_1","http://127.0.1.1:8080/cells/9/16","unknown"
"baseline-vs-ccrs-v1","001-baseline","dfs_baseline.jcm","none","mase-events.jsonl","5041","run-2026-05-24T11-07-04-892Z","6413667","1779624412850","http://127.0.1.1:8080/agents/dfs_baseline_nesw_1","http://127.0.1.1:8080/cells/9/15","unknown"
"baseline-vs-ccrs-v1","001-baseline","dfs_baseline.jcm","none","mase-events.jsonl","5043","run-2026-05-24T11-07-04-892Z","6413669","1779624412970","http://127.0.1.1:8080/agents/dfs_baseline_nesw_1","http://127.0.1.1:8080/cells/8/15","unknown"
"baseline-vs-ccrs-v1","001-baseline","dfs_baseline.jcm","none","mase-events.jsonl","5045","run-2026-05-24T11-07-04-892Z","6413671","1779624413107","http://127.0.1.1:8080/agents/dfs_baseline_nesw_1","http://127.0.1.1:8080/cells/8/14","unknown"
"baseline-vs-ccrs-v1","001-baseline","dfs_baseline.jcm","none","mase-events.jsonl","5047","run-2026-05-24T11-07-04-892Z","6413673","1779624413227","http://127.0.1.1:8080/agents/dfs_baseline_nesw_1","http://127.0.1.1:8080/cells/8/13","unknown"
"baseline-vs-ccrs-v1","001-baseline","dfs_baseline.jcm","none","mase-events.jsonl","5049","run-2026-05-24T11-07-04-892Z","6413675","1779624413348","http://127.0.1.1:8080/agents/dfs_baseline_nesw_1","http://127.0.1.1:8080/cells/9/13","unknown"
"baseline-vs-ccrs-v1","001-baseline","dfs_baseline.jcm","none","mase-events.jsonl","5051","run-2026-05-24T11-07-04-892Z","6413677","1779624413454","http://127.0.1.1:8080/agents/dfs_baseline_nesw_1","http://127.0.1.1:8080/cells/10/13","unknown"
"baseline-vs-ccrs-v1","001-baseline","dfs_baseline.jcm","none","mase-events.jsonl","5053","run-2026-05-24T11-07-04-892Z","6413679","1779624413584","http://127.0.1.1:8080/agents/dfs_baseline_nesw_1","http://127.0.1.1:8080/cells/9/13","unknown"
"baseline-vs-ccrs-v1","001-baseline","dfs_baseline.jcm","none","mase-events.jsonl","5055","run-2026-05-24T11-07-04-892Z","6413681","1779624413708","http://127.0.1.1:8080/agents/dfs_baseline_nesw_1","http://127.0.1.1:8080/cells/8/13","unknown"
"baseline-vs-ccrs-v1","001-baseline","dfs_baseline.jcm","none","mase-events.jsonl","5057","run-2026-05-24T11-07-04-892Z","6413683","1779624413847","http://127.0.1.1:8080/agents/dfs_baseline_nesw_1","http://127.0.1.1:8080/cells/8/12","unknown"
"baseline-vs-ccrs-v1","001-baseline","dfs_baseline.jcm","none","mase-events.jsonl","5059","run-2026-05-24T11-07-04-892Z","6413685","1779624413975","http://127.0.1.1:8080/agents/dfs_baseline_nesw_1","http://127.0.1.1:8080/cells/7/12","unknown"
"baseline-vs-ccrs-v1","001-baseline","dfs_baseline.jcm","none","mase-events.jsonl","5061","run-2026-05-24T11-07-04-892Z","6413687","1779624414102","http://127.0.1.1:8080/agents/dfs_baseline_nesw_1","http://127.0.1.1:8080/cells/7/11","unknown"
"baseline-vs-ccrs-v1","001-baseline","dfs_baseline.jcm","none","mase-events.jsonl","5063","run-2026-05-24T11-07-04-892Z","6413689","1779624414229","http://127.0.1.1:8080/agents/dfs_baseline_nesw_1","http://127.0.1.1:8080/cells/7/10","unknown"
"baseline-vs-ccrs-v1","001-baseline","dfs_baseline.jcm","none","mase-events.jsonl","5065","run-2026-05-24T11-07-04-892Z","6413691","1779624414346","http://127.0.1.1:8080/agents/dfs_baseline_nesw_1","http://127.0.1.1:8080/cells/8/10","unknown"
"baseline-vs-ccrs-v1","001-baseline","dfs_baseline.jcm","none","mase-events.jsonl","5067","run-2026-05-24T11-07-04-892Z","6413693","1779624414458","http://127.0.1.1:8080/agents/dfs_baseline_nesw_1","http://127.0.1.1:8080/cells/7/10","unknown"
"baseline-vs-ccrs-v1","001-baseline","dfs_baseline.jcm","none","mase-events.jsonl","5069","run-2026-05-24T11-07-04-892Z","6413695","1779624414590","http://127.0.1.1:8080/agents/dfs_baseline_nesw_1","http://127.0.1.1:8080/cells/7/9","unknown"
"baseline-vs-ccrs-v1","001-baseline","dfs_baseline.jcm","none","mase-events.jsonl","5071","run-2026-05-24T11-07-04-892Z","6413697","1779624414702","http://127.0.1.1:8080/agents/dfs_baseline_nesw_1","http://127.0.1.1:8080/cells/7/8","unknown"
"baseline-vs-ccrs-v1","001-baseline","dfs_baseline.jcm","none","mase-events.jsonl","5073","run-2026-05-24T11-07-04-892Z","6413699","1779624414826","http://127.0.1.1:8080/agents/dfs_baseline_nesw_1","http://127.0.1.1:8080/cells/8/8","unknown"
"baseline-vs-ccrs-v1","001-baseline","dfs_baseline.jcm","none","mase-events.jsonl","5075","run-2026-05-24T11-07-04-892Z","6413701","1779624414951","http://127.0.1.1:8080/agents/dfs_baseline_nesw_1","http://127.0.1.1:8080/cells/8/7","unknown"
"baseline-vs-ccrs-v1","001-baseline","dfs_baseline.jcm","none","mase-events.jsonl","5077","run-2026-05-24T11-07-04-892Z","6413703","1779624415080","http://127.0.1.1:8080/agents/dfs_baseline_nesw_1","http://127.0.1.1:8080/cells/8/6","unknown"
"baseline-vs-ccrs-v1","001-baseline","dfs_baseline.jcm","none","mase-events.jsonl","5079","run-2026-05-24T11-07-04-892Z","6413705","1779624415209","http://127.0.1.1:8080/agents/dfs_baseline_nesw_1","http://127.0.1.1:8080/cells/7/6","unknown"
"baseline-vs-ccrs-v1","001-baseline","dfs_baseline.jcm","none","mase-events.jsonl","5081","run-2026-05-24T11-07-04-892Z","6413707","1779624415332","http://127.0.1.1:8080/agents/dfs_baseline_nesw_1","http://127.0.1.1:8080/cells/8/6","unknown"
"baseline-vs-ccrs-v1","001-baseline","dfs_baseline.jcm","none","mase-events.jsonl","5083","run-2026-05-24T11-07-04-892Z","6413709","1779624415471","http://127.0.1.1:8080/agents/dfs_baseline_nesw_1","http://127.0.1.1:8080/cells/9/6","unknown"
"baseline-vs-ccrs-v1","001-baseline","dfs_baseline.jcm","none","mase-events.jsonl","5085","run-2026-05-24T11-07-04-892Z","6413711","1779624415581","http://127.0.1.1:8080/agents/dfs_baseline_nesw_1","http://127.0.1.1:8080/cells/10/6","unknown"
"baseline-vs-ccrs-v1","001-baseline","dfs_baseline.jcm","none","mase-events.jsonl","5087","run-2026-05-24T11-07-04-892Z","6413713","1779624415702","http://127.0.1.1:8080/agents/dfs_baseline_nesw_1","http://127.0.1.1:8080/cells/11/6","unknown"
"baseline-vs-ccrs-v1","001-baseline","dfs_baseline.jcm","none","mase-events.jsonl","5089","run-2026-05-24T11-07-04-892Z","6413715","1779624415829","http://127.0.1.1:8080/agents/dfs_baseline_nesw_1","http://127.0.1.1:8080/cells/11/7","unknown"
"baseline-vs-ccrs-v1","001-baseline","dfs_baseline.jcm","none","mase-events.jsonl","5091","run-2026-05-24T11-07-04-892Z","6413717","1779624415954","http://127.0.1.1:8080/agents/dfs_baseline_nesw_1","http://127.0.1.1:8080/cells/11/8","unknown"
"baseline-vs-ccrs-v1","001-baseline","dfs_baseline.jcm","none","mase-events.jsonl","5093","run-2026-05-24T11-07-04-892Z","6413719","1779624416102","http://127.0.1.1:8080/agents/dfs_baseline_nesw_1","http://127.0.1.1:8080/cells/11/9","unknown"
"baseline-vs-ccrs-v1","001-baseline","dfs_baseline.jcm","none","mase-events.jsonl","5095","run-2026-05-24T11-07-04-892Z","6413721","1779624416241","http://127.0.1.1:8080/agents/dfs_baseline_nesw_1","http://127.0.1.1:8080/cells/10/9","unknown"
"baseline-vs-ccrs-v1","001-baseline","dfs_baseline.jcm","none","mase-events.jsonl","5097","run-2026-05-24T11-07-04-892Z","6413723","1779624416362","http://127.0.1.1:8080/agents/dfs_baseline_nesw_1","http://127.0.1.1:8080/cells/11/9","unknown"
"baseline-vs-ccrs-v1","001-baseline","dfs_baseline.jcm","none","mase-events.jsonl","5099","run-2026-05-24T11-07-04-892Z","6413725","1779624416489","http://127.0.1.1:8080/agents/dfs_baseline_nesw_1","http://127.0.1.1:8080/cells/11/10","unknown"
"baseline-vs-ccrs-v1","001-baseline","dfs_baseline.jcm","none","mase-events.jsonl","5101","run-2026-05-24T11-07-04-892Z","6413727","1779624416634","http://127.0.1.1:8080/agents/dfs_baseline_nesw_1","http://127.0.1.1:8080/cells/11/11","unknown"
"baseline-vs-ccrs-v1","001-baseline","dfs_baseline.jcm","none","mase-events.jsonl","5103","run-2026-05-24T11-07-04-892Z","6413729","1779624416753","http://127.0.1.1:8080/agents/dfs_baseline_nesw_1","http://127.0.1.1:8080/cells/10/11","unknown"
"baseline-vs-ccrs-v1","001-baseline","dfs_baseline.jcm","none","mase-events.jsonl","5105","run-2026-05-24T11-07-04-892Z","6413731","1779624416866","http://127.0.1.1:8080/agents/dfs_baseline_nesw_1","http://127.0.1.1:8080/cells/11/11","unknown"
"baseline-vs-ccrs-v1","001-baseline","dfs_baseline.jcm","none","mase-events.jsonl","5107","run-2026-05-24T11-07-04-892Z","6413733","1779624416980","http://127.0.1.1:8080/agents/dfs_baseline_nesw_1","http://127.0.1.1:8080/cells/12/11","unknown"
"baseline-vs-ccrs-v1","001-baseline","dfs_baseline.jcm","none","mase-events.jsonl","5109","run-2026-05-24T11-07-04-892Z","6413735","1779624417090","http://127.0.1.1:8080/agents/dfs_baseline_nesw_1","http://127.0.1.1:8080/cells/11/11","unknown"
"baseline-vs-ccrs-v1","001-baseline","dfs_baseline.jcm","none","mase-events.jsonl","5111","run-2026-05-24T11-07-04-892Z","6413737","1779624417195","http://127.0.1.1:8080/agents/dfs_baseline_nesw_1","http://127.0.1.1:8080/cells/11/10","unknown"
"baseline-vs-ccrs-v1","001-baseline","dfs_baseline.jcm","none","mase-events.jsonl","5113","run-2026-05-24T11-07-04-892Z","6413739","1779624417316","http://127.0.1.1:8080/agents/dfs_baseline_nesw_1","http://127.0.1.1:8080/cells/11/9","unknown"
"baseline-vs-ccrs-v1","001-baseline","dfs_baseline.jcm","none","mase-events.jsonl","5115","run-2026-05-24T11-07-04-892Z","6413741","1779624417443","http://127.0.1.1:8080/agents/dfs_baseline_nesw_1","http://127.0.1.1:8080/cells/12/9","unknown"
"baseline-vs-ccrs-v1","001-baseline","dfs_baseline.jcm","none","mase-events.jsonl","5117","run-2026-05-24T11-07-04-892Z","6413743","1779624417564","http://127.0.1.1:8080/agents/dfs_baseline_nesw_1","http://127.0.1.1:8080/cells/11/9","unknown"
"baseline-vs-ccrs-v1","001-baseline","dfs_baseline.jcm","none","mase-events.jsonl","5119","run-2026-05-24T11-07-04-892Z","6413745","1779624417690","http://127.0.1.1:8080/agents/dfs_baseline_nesw_1","http://127.0.1.1:8080/cells/11/8","unknown"
"baseline-vs-ccrs-v1","001-baseline","dfs_baseline.jcm","none","mase-events.jsonl","5121","run-2026-05-24T11-07-04-892Z","6413747","1779624417809","http://127.0.1.1:8080/agents/dfs_baseline_nesw_1","http://127.0.1.1:8080/cells/11/7","unknown"
"baseline-vs-ccrs-v1","001-baseline","dfs_baseline.jcm","none","mase-events.jsonl","5123","run-2026-05-24T11-07-04-892Z","6413749","1779624417932","http://127.0.1.1:8080/agents/dfs_baseline_nesw_1","http://127.0.1.1:8080/cells/11/6","unknown"
"baseline-vs-ccrs-v1","001-baseline","dfs_baseline.jcm","none","mase-events.jsonl","5125","run-2026-05-24T11-07-04-892Z","6413751","1779624418049","http://127.0.1.1:8080/agents/dfs_baseline_nesw_1","http://127.0.1.1:8080/cells/11/5","unknown"
"baseline-vs-ccrs-v1","001-baseline","dfs_baseline.jcm","none","mase-events.jsonl","5127","run-2026-05-24T11-07-04-892Z","6413753","1779624418169","http://127.0.1.1:8080/agents/dfs_baseline_nesw_1","http://127.0.1.1:8080/cells/12/5","unknown"
"baseline-vs-ccrs-v1","001-baseline","dfs_baseline.jcm","none","mase-events.jsonl","5129","run-2026-05-24T11-07-04-892Z","6413755","1779624418298","http://127.0.1.1:8080/agents/dfs_baseline_nesw_1","http://127.0.1.1:8080/cells/12/4","unknown"
"baseline-vs-ccrs-v1","001-baseline","dfs_baseline.jcm","none","mase-events.jsonl","5131","run-2026-05-24T11-07-04-892Z","6413757","1779624418417","http://127.0.1.1:8080/agents/dfs_baseline_nesw_1","http://127.0.1.1:8080/cells/12/3","unknown"
"baseline-vs-ccrs-v1","001-baseline","dfs_baseline.jcm","none","mase-events.jsonl","5133","run-2026-05-24T11-07-04-892Z","6413759","1779624418532","http://127.0.1.1:8080/agents/dfs_baseline_nesw_1","http://127.0.1.1:8080/cells/11/3","unknown"
"baseline-vs-ccrs-v1","001-baseline","dfs_baseline.jcm","none","mase-events.jsonl","5135","run-2026-05-24T11-07-04-892Z","6413761","1779624418657","http://127.0.1.1:8080/agents/dfs_baseline_nesw_1","http://127.0.1.1:8080/cells/10/3","unknown"
"baseline-vs-ccrs-v1","001-baseline","dfs_baseline.jcm","none","mase-events.jsonl","5137","run-2026-05-24T11-07-04-892Z","6413763","1779624418790","http://127.0.1.1:8080/agents/dfs_baseline_nesw_1","http://127.0.1.1:8080/cells/10/2","unknown"
"baseline-vs-ccrs-v1","001-baseline","dfs_baseline.jcm","none","mase-events.jsonl","5139","run-2026-05-24T11-07-04-892Z","6413765","1779624418922","http://127.0.1.1:8080/agents/dfs_baseline_nesw_1","http://127.0.1.1:8080/cells/9/2","unknown"
"baseline-vs-ccrs-v1","001-baseline","dfs_baseline.jcm","none","mase-events.jsonl","5141","run-2026-05-24T11-07-04-892Z","6413767","1779624419040","http://127.0.1.1:8080/agents/dfs_baseline_nesw_1","http://127.0.1.1:8080/cells/8/2","unknown"
"baseline-vs-ccrs-v1","001-baseline","dfs_baseline.jcm","none","mase-events.jsonl","5143","run-2026-05-24T11-07-04-892Z","6413769","1779624419149","http://127.0.1.1:8080/agents/dfs_baseline_nesw_1","http://127.0.1.1:8080/cells/7/2","unknown"
"baseline-vs-ccrs-v1","001-baseline","dfs_baseline.jcm","none","mase-events.jsonl","5145","run-2026-05-24T11-07-04-892Z","6413771","1779624419273","http://127.0.1.1:8080/agents/dfs_baseline_nesw_1","http://127.0.1.1:8080/cells/6/2","unknown"
"baseline-vs-ccrs-v1","001-baseline","dfs_baseline.jcm","none","mase-events.jsonl","5147","run-2026-05-24T11-07-04-892Z","6413773","1779624419399","http://127.0.1.1:8080/agents/dfs_baseline_nesw_1","http://127.0.1.1:8080/cells/5/2","unknown"
"baseline-vs-ccrs-v1","001-baseline","dfs_baseline.jcm","none","mase-events.jsonl","5149","run-2026-05-24T11-07-04-892Z","6413775","1779624419527","http://127.0.1.1:8080/agents/dfs_baseline_nesw_1","http://127.0.1.1:8080/cells/4/2","unknown"
"baseline-vs-ccrs-v1","001-baseline","dfs_baseline.jcm","none","mase-events.jsonl","5151","run-2026-05-24T11-07-04-892Z","6413777","1779624419649","http://127.0.1.1:8080/agents/dfs_baseline_nesw_1","http://127.0.1.1:8080/cells/3/2","unknown"
"baseline-vs-ccrs-v1","001-baseline","dfs_baseline.jcm","none","mase-events.jsonl","5153","run-2026-05-24T11-07-04-892Z","6413779","1779624419778","http://127.0.1.1:8080/agents/dfs_baseline_nesw_1","http://127.0.1.1:8080/cells/2/2","unknown"
"baseline-vs-ccrs-v1","001-baseline","dfs_baseline.jcm","none","mase-events.jsonl","5155","run-2026-05-24T11-07-04-892Z","6413781","1779624419891","http://127.0.1.1:8080/agents/dfs_baseline_nesw_1","http://127.0.1.1:8080/cells/3/2","unknown"
"baseline-vs-ccrs-v1","001-baseline","dfs_baseline.jcm","none","mase-events.jsonl","5157","run-2026-05-24T11-07-04-892Z","6413783","1779624420021","http://127.0.1.1:8080/agents/dfs_baseline_nesw_1","http://127.0.1.1:8080/cells/4/2","unknown"
"baseline-vs-ccrs-v1","001-baseline","dfs_baseline.jcm","none","mase-events.jsonl","5159","run-2026-05-24T11-07-04-892Z","6413785","1779624420152","http://127.0.1.1:8080/agents/dfs_baseline_nesw_1","http://127.0.1.1:8080/cells/4/1","unknown"
"baseline-vs-ccrs-v1","001-baseline","dfs_baseline.jcm","none","mase-events.jsonl","5161","run-2026-05-24T11-07-04-892Z","6413787","1779624420283","http://127.0.1.1:8080/agents/dfs_baseline_nesw_1","http://127.0.1.1:8080/cells/4/2","unknown"
"baseline-vs-ccrs-v1","001-baseline","dfs_baseline.jcm","none","mase-events.jsonl","5163","run-2026-05-24T11-07-04-892Z","6413789","1779624420404","http://127.0.1.1:8080/agents/dfs_baseline_nesw_1","http://127.0.1.1:8080/cells/5/2","unknown"
"baseline-vs-ccrs-v1","001-baseline","dfs_baseline.jcm","none","mase-events.jsonl","5165","run-2026-05-24T11-07-04-892Z","6413791","1779624420525","http://127.0.1.1:8080/agents/dfs_baseline_nesw_1","http://127.0.1.1:8080/cells/5/3","unknown"
"baseline-vs-ccrs-v1","001-baseline","dfs_baseline.jcm","none","mase-events.jsonl","5167","run-2026-05-24T11-07-04-892Z","6413793","1779624420651","http://127.0.1.1:8080/agents/dfs_baseline_nesw_1","http://127.0.1.1:8080/cells/5/4","unknown"
"baseline-vs-ccrs-v1","001-baseline","dfs_baseline.jcm","none","mase-events.jsonl","5169","run-2026-05-24T11-07-04-892Z","6413795","1779624420775","http://127.0.1.1:8080/agents/dfs_baseline_nesw_1","http://127.0.1.1:8080/cells/5/5","unknown"
"baseline-vs-ccrs-v1","001-baseline","dfs_baseline.jcm","none","mase-events.jsonl","5171","run-2026-05-24T11-07-04-892Z","6413797","1779624420897","http://127.0.1.1:8080/agents/dfs_baseline_nesw_1","http://127.0.1.1:8080/cells/5/6","unknown"
"baseline-vs-ccrs-v1","001-baseline","dfs_baseline.jcm","none","mase-events.jsonl","5173","run-2026-05-24T11-07-04-892Z","6413799","1779624421014","http://127.0.1.1:8080/agents/dfs_baseline_nesw_1","http://127.0.1.1:8080/cells/5/7","unknown"
"baseline-vs-ccrs-v1","001-baseline","dfs_baseline.jcm","none","mase-events.jsonl","5175","run-2026-05-24T11-07-04-892Z","6413801","1779624421119","http://127.0.1.1:8080/agents/dfs_baseline_nesw_1","http://127.0.1.1:8080/cells/5/8","unknown"
"baseline-vs-ccrs-v1","001-baseline","dfs_baseline.jcm","none","mase-events.jsonl","5177","run-2026-05-24T11-07-04-892Z","6413803","1779624421243","http://127.0.1.1:8080/agents/dfs_baseline_nesw_1","http://127.0.1.1:8080/cells/5/9","unknown"
"baseline-vs-ccrs-v1","001-baseline","dfs_baseline.jcm","none","mase-events.jsonl","5179","run-2026-05-24T11-07-04-892Z","6413805","1779624421365","http://127.0.1.1:8080/agents/dfs_baseline_nesw_1","http://127.0.1.1:8080/cells/5/8","unknown"
"baseline-vs-ccrs-v1","001-baseline","dfs_baseline.jcm","none","mase-events.jsonl","5181","run-2026-05-24T11-07-04-892Z","6413807","1779624421475","http://127.0.1.1:8080/agents/dfs_baseline_nesw_1","http://127.0.1.1:8080/cells/5/7","unknown"
"baseline-vs-ccrs-v1","001-baseline","dfs_baseline.jcm","none","mase-events.jsonl","5183","run-2026-05-24T11-07-04-892Z","6413809","1779624421601","http://127.0.1.1:8080/agents/dfs_baseline_nesw_1","http://127.0.1.1:8080/cells/5/6","unknown"
"baseline-vs-ccrs-v1","001-baseline","dfs_baseline.jcm","none","mase-events.jsonl","5185","run-2026-05-24T11-07-04-892Z","6413811","1779624421714","http://127.0.1.1:8080/agents/dfs_baseline_nesw_1","http://127.0.1.1:8080/cells/5/5","unknown"
"baseline-vs-ccrs-v1","001-baseline","dfs_baseline.jcm","none","mase-events.jsonl","5187","run-2026-05-24T11-07-04-892Z","6413813","1779624421830","http://127.0.1.1:8080/agents/dfs_baseline_nesw_1","http://127.0.1.1:8080/cells/5/4","unknown"
"baseline-vs-ccrs-v1","001-baseline","dfs_baseline.jcm","none","mase-events.jsonl","5189","run-2026-05-24T11-07-04-892Z","6413815","1779624421943","http://127.0.1.1:8080/agents/dfs_baseline_nesw_1","http://127.0.1.1:8080/cells/5/3","unknown"
"baseline-vs-ccrs-v1","001-baseline","dfs_baseline.jcm","none","mase-events.jsonl","5191","run-2026-05-24T11-07-04-892Z","6413817","1779624422066","http://127.0.1.1:8080/agents/dfs_baseline_nesw_1","http://127.0.1.1:8080/cells/5/2","unknown"
"baseline-vs-ccrs-v1","001-baseline","dfs_baseline.jcm","none","mase-events.jsonl","5193","run-2026-05-24T11-07-04-892Z","6413819","1779624422191","http://127.0.1.1:8080/agents/dfs_baseline_nesw_1","http://127.0.1.1:8080/cells/6/2","unknown"
"baseline-vs-ccrs-v1","001-baseline","dfs_baseline.jcm","none","mase-events.jsonl","5195","run-2026-05-24T11-07-04-892Z","6413821","1779624422312","http://127.0.1.1:8080/agents/dfs_baseline_nesw_1","http://127.0.1.1:8080/cells/7/2","unknown"
"baseline-vs-ccrs-v1","001-baseline","dfs_baseline.jcm","none","mase-events.jsonl","5197","run-2026-05-24T11-07-04-892Z","6413823","1779624422433","http://127.0.1.1:8080/agents/dfs_baseline_nesw_1","http://127.0.1.1:8080/cells/7/3","unknown"
"baseline-vs-ccrs-v1","001-baseline","dfs_baseline.jcm","none","mase-events.jsonl","5199","run-2026-05-24T11-07-04-892Z","6413825","1779624422569","http://127.0.1.1:8080/agents/dfs_baseline_nesw_1","http://127.0.1.1:8080/cells/7/4","unknown"
"baseline-vs-ccrs-v1","001-baseline","dfs_baseline.jcm","none","mase-events.jsonl","5201","run-2026-05-24T11-07-04-892Z","6413827","1779624422683","http://127.0.1.1:8080/agents/dfs_baseline_nesw_1","http://127.0.1.1:8080/cells/8/4","unknown"
"baseline-vs-ccrs-v1","001-baseline","dfs_baseline.jcm","none","mase-events.jsonl","5203","run-2026-05-24T11-07-04-892Z","6413829","1779624422802","http://127.0.1.1:8080/agents/dfs_baseline_nesw_1","http://127.0.1.1:8080/cells/8/5","unknown"
"baseline-vs-ccrs-v1","001-baseline","dfs_baseline.jcm","none","mase-events.jsonl","5205","run-2026-05-24T11-07-04-892Z","6413831","1779624422924","http://127.0.1.1:8080/agents/dfs_baseline_nesw_1","http://127.0.1.1:8080/cells/8/6","unknown"
"baseline-vs-ccrs-v1","001-baseline","dfs_baseline.jcm","none","mase-events.jsonl","5207","run-2026-05-24T11-07-04-892Z","6413833","1779624423044","http://127.0.1.1:8080/agents/dfs_baseline_nesw_1","http://127.0.1.1:8080/cells/8/5","unknown"
"baseline-vs-ccrs-v1","001-baseline","dfs_baseline.jcm","none","mase-events.jsonl","5209","run-2026-05-24T11-07-04-892Z","6413835","1779624423163","http://127.0.1.1:8080/agents/dfs_baseline_nesw_1","http://127.0.1.1:8080/cells/8/4","unknown"
"baseline-vs-ccrs-v1","001-baseline","dfs_baseline.jcm","none","mase-events.jsonl","5211","run-2026-05-24T11-07-04-892Z","6413837","1779624423297","http://127.0.1.1:8080/agents/dfs_baseline_nesw_1","http://127.0.1.1:8080/cells/7/4","unknown"
"baseline-vs-ccrs-v1","001-baseline","dfs_baseline.jcm","none","mase-events.jsonl","5213","run-2026-05-24T11-07-04-892Z","6413839","1779624423412","http://127.0.1.1:8080/agents/dfs_baseline_nesw_1","http://127.0.1.1:8080/cells/7/3","unknown"
"baseline-vs-ccrs-v1","001-baseline","dfs_baseline.jcm","none","mase-events.jsonl","5215","run-2026-05-24T11-07-04-892Z","6413841","1779624423537","http://127.0.1.1:8080/agents/dfs_baseline_nesw_1","http://127.0.1.1:8080/cells/7/2","unknown"
"baseline-vs-ccrs-v1","001-baseline","dfs_baseline.jcm","none","mase-events.jsonl","5217","run-2026-05-24T11-07-04-892Z","6413843","1779624423663","http://127.0.1.1:8080/agents/dfs_baseline_nesw_1","http://127.0.1.1:8080/cells/7/1","unknown"
"baseline-vs-ccrs-v1","001-baseline","dfs_baseline.jcm","none","mase-events.jsonl","5219","run-2026-05-24T11-07-04-892Z","6413845","1779624423795","http://127.0.1.1:8080/agents/dfs_baseline_nesw_1","http://127.0.1.1:8080/cells/7/2","unknown"
"baseline-vs-ccrs-v1","001-baseline","dfs_baseline.jcm","none","mase-events.jsonl","5221","run-2026-05-24T11-07-04-892Z","6413847","1779624423909","http://127.0.1.1:8080/agents/dfs_baseline_nesw_1","http://127.0.1.1:8080/cells/8/2","unknown"
"baseline-vs-ccrs-v1","001-baseline","dfs_baseline.jcm","none","mase-events.jsonl","5223","run-2026-05-24T11-07-04-892Z","6413849","1779624424015","http://127.0.1.1:8080/agents/dfs_baseline_nesw_1","http://127.0.1.1:8080/cells/9/2","unknown"
"baseline-vs-ccrs-v1","001-baseline","dfs_baseline.jcm","none","mase-events.jsonl","5225","run-2026-05-24T11-07-04-892Z","6413851","1779624424127","http://127.0.1.1:8080/agents/dfs_baseline_nesw_1","http://127.0.1.1:8080/cells/9/1","unknown"
"baseline-vs-ccrs-v1","001-baseline","dfs_baseline.jcm","none","mase-events.jsonl","5227","run-2026-05-24T11-07-04-892Z","6413853","1779624424245","http://127.0.1.1:8080/agents/dfs_baseline_nesw_1","http://127.0.1.1:8080/cells/9/2","unknown"
"baseline-vs-ccrs-v1","001-baseline","dfs_baseline.jcm","none","mase-events.jsonl","5229","run-2026-05-24T11-07-04-892Z","6413855","1779624424366","http://127.0.1.1:8080/agents/dfs_baseline_nesw_1","http://127.0.1.1:8080/cells/10/2","unknown"
"baseline-vs-ccrs-v1","001-baseline","dfs_baseline.jcm","none","mase-events.jsonl","5231","run-2026-05-24T11-07-04-892Z","6413857","1779624424483","http://127.0.1.1:8080/agents/dfs_baseline_nesw_1","http://127.0.1.1:8080/cells/10/3","unknown"
"baseline-vs-ccrs-v1","001-baseline","dfs_baseline.jcm","none","mase-events.jsonl","5233","run-2026-05-24T11-07-04-892Z","6413859","1779624424601","http://127.0.1.1:8080/agents/dfs_baseline_nesw_1","http://127.0.1.1:8080/cells/11/3","unknown"
"baseline-vs-ccrs-v1","001-baseline","dfs_baseline.jcm","none","mase-events.jsonl","5235","run-2026-05-24T11-07-04-892Z","6413861","1779624424730","http://127.0.1.1:8080/agents/dfs_baseline_nesw_1","http://127.0.1.1:8080/cells/12/3","unknown"
"baseline-vs-ccrs-v1","001-baseline","dfs_baseline.jcm","none","mase-events.jsonl","5237","run-2026-05-24T11-07-04-892Z","6413863","1779624424851","http://127.0.1.1:8080/agents/dfs_baseline_nesw_1","http://127.0.1.1:8080/cells/12/2","unknown"
"baseline-vs-ccrs-v1","001-baseline","dfs_baseline.jcm","none","mase-events.jsonl","5239","run-2026-05-24T11-07-04-892Z","6413865","1779624424968","http://127.0.1.1:8080/agents/dfs_baseline_nesw_1","http://127.0.1.1:8080/cells/12/1","unknown"
"baseline-vs-ccrs-v1","001-baseline","dfs_baseline.jcm","none","mase-events.jsonl","5241","run-2026-05-24T11-07-04-892Z","6413867","1779624425084","http://127.0.1.1:8080/agents/dfs_baseline_nesw_1","http://127.0.1.1:8080/cells/12/2","unknown"
"baseline-vs-ccrs-v1","001-baseline","dfs_baseline.jcm","none","mase-events.jsonl","5243","run-2026-05-24T11-07-04-892Z","6413869","1779624425204","http://127.0.1.1:8080/agents/dfs_baseline_nesw_1","http://127.0.1.1:8080/cells/12/3","unknown"
"baseline-vs-ccrs-v1","001-baseline","dfs_baseline.jcm","none","mase-events.jsonl","5245","run-2026-05-24T11-07-04-892Z","6413871","1779624425324","http://127.0.1.1:8080/agents/dfs_baseline_nesw_1","http://127.0.1.1:8080/cells/12/4","unknown"
"baseline-vs-ccrs-v1","001-baseline","dfs_baseline.jcm","none","mase-events.jsonl","5247","run-2026-05-24T11-07-04-892Z","6413873","1779624425438","http://127.0.1.1:8080/agents/dfs_baseline_nesw_1","http://127.0.1.1:8080/cells/12/5","unknown"
"baseline-vs-ccrs-v1","001-baseline","dfs_baseline.jcm","none","mase-events.jsonl","5249","run-2026-05-24T11-07-04-892Z","6413875","1779624425559","http://127.0.1.1:8080/agents/dfs_baseline_nesw_1","http://127.0.1.1:8080/cells/11/5","unknown"
"baseline-vs-ccrs-v1","001-baseline","dfs_baseline.jcm","none","mase-events.jsonl","5251","run-2026-05-24T11-07-04-892Z","6413877","1779624425688","http://127.0.1.1:8080/agents/dfs_baseline_nesw_1","http://127.0.1.1:8080/cells/11/6","unknown"
"baseline-vs-ccrs-v1","001-baseline","dfs_baseline.jcm","none","mase-events.jsonl","5253","run-2026-05-24T11-07-04-892Z","6413879","1779624425795","http://127.0.1.1:8080/agents/dfs_baseline_nesw_1","http://127.0.1.1:8080/cells/10/6","unknown"
"baseline-vs-ccrs-v1","001-baseline","dfs_baseline.jcm","none","mase-events.jsonl","5255","run-2026-05-24T11-07-04-892Z","6413881","1779624425911","http://127.0.1.1:8080/agents/dfs_baseline_nesw_1","http://127.0.1.1:8080/cells/9/6","unknown"
"baseline-vs-ccrs-v1","001-baseline","dfs_baseline.jcm","none","mase-events.jsonl","5257","run-2026-05-24T11-07-04-892Z","6413883","1779624426037","http://127.0.1.1:8080/agents/dfs_baseline_nesw_1","http://127.0.1.1:8080/cells/8/6","unknown"
"baseline-vs-ccrs-v1","001-baseline","dfs_baseline.jcm","none","mase-events.jsonl","5259","run-2026-05-24T11-07-04-892Z","6413885","1779624426172","http://127.0.1.1:8080/agents/dfs_baseline_nesw_1","http://127.0.1.1:8080/cells/8/7","unknown"
"baseline-vs-ccrs-v1","001-baseline","dfs_baseline.jcm","none","mase-events.jsonl","5261","run-2026-05-24T11-07-04-892Z","6413887","1779624426290","http://127.0.1.1:8080/agents/dfs_baseline_nesw_1","http://127.0.1.1:8080/cells/8/8","unknown"
"baseline-vs-ccrs-v1","001-baseline","dfs_baseline.jcm","none","mase-events.jsonl","5263","run-2026-05-24T11-07-04-892Z","6413889","1779624426405","http://127.0.1.1:8080/agents/dfs_baseline_nesw_1","http://127.0.1.1:8080/cells/7/8","unknown"
"baseline-vs-ccrs-v1","001-baseline","dfs_baseline.jcm","none","mase-events.jsonl","5265","run-2026-05-24T11-07-04-892Z","6413891","1779624426527","http://127.0.1.1:8080/agents/dfs_baseline_nesw_1","http://127.0.1.1:8080/cells/7/9","unknown"
"baseline-vs-ccrs-v1","001-baseline","dfs_baseline.jcm","none","mase-events.jsonl","5267","run-2026-05-24T11-07-04-892Z","6413893","1779624426662","http://127.0.1.1:8080/agents/dfs_baseline_nesw_1","http://127.0.1.1:8080/cells/6/9","unknown"
"baseline-vs-ccrs-v1","001-baseline","dfs_baseline.jcm","none","mase-events.jsonl","5269","run-2026-05-24T11-07-04-892Z","6413895","1779624426782","http://127.0.1.1:8080/agents/dfs_baseline_nesw_1","http://127.0.1.1:8080/cells/5/9","unknown"
"baseline-vs-ccrs-v1","001-baseline","dfs_baseline.jcm","none","mase-events.jsonl","5271","run-2026-05-24T11-07-04-892Z","6413897","1779624426900","http://127.0.1.1:8080/agents/dfs_baseline_nesw_1","http://127.0.1.1:8080/cells/4/9","unknown"
"baseline-vs-ccrs-v1","001-baseline","dfs_baseline.jcm","none","mase-events.jsonl","5273","run-2026-05-24T11-07-04-892Z","6413899","1779624427030","http://127.0.1.1:8080/agents/dfs_baseline_nesw_1","http://127.0.1.1:8080/cells/3/9","unknown"
"baseline-vs-ccrs-v1","001-baseline","dfs_baseline.jcm","none","mase-events.jsonl","5275","run-2026-05-24T11-07-04-892Z","6413901","1779624427145","http://127.0.1.1:8080/agents/dfs_baseline_nesw_1","http://127.0.1.1:8080/cells/3/8","unknown"
"baseline-vs-ccrs-v1","001-baseline","dfs_baseline.jcm","none","mase-events.jsonl","5277","run-2026-05-24T11-07-04-892Z","6413903","1779624427262","http://127.0.1.1:8080/agents/dfs_baseline_nesw_1","http://127.0.1.1:8080/cells/3/7","unknown"
"baseline-vs-ccrs-v1","001-baseline","dfs_baseline.jcm","none","mase-events.jsonl","5279","run-2026-05-24T11-07-04-892Z","6413905","1779624427374","http://127.0.1.1:8080/agents/dfs_baseline_nesw_1","http://127.0.1.1:8080/cells/3/6","unknown"
"baseline-vs-ccrs-v1","001-baseline","dfs_baseline.jcm","none","mase-events.jsonl","5281","run-2026-05-24T11-07-04-892Z","6413907","1779624427492","http://127.0.1.1:8080/agents/dfs_baseline_nesw_1","http://127.0.1.1:8080/cells/3/5","unknown"
"baseline-vs-ccrs-v1","001-baseline","dfs_baseline.jcm","none","mase-events.jsonl","5283","run-2026-05-24T11-07-04-892Z","6413909","1779624427600","http://127.0.1.1:8080/agents/dfs_baseline_nesw_1","http://127.0.1.1:8080/cells/3/6","unknown"
"baseline-vs-ccrs-v1","001-baseline","dfs_baseline.jcm","none","mase-events.jsonl","5285","run-2026-05-24T11-07-04-892Z","6413911","1779624427714","http://127.0.1.1:8080/agents/dfs_baseline_nesw_1","http://127.0.1.1:8080/cells/2/6","unknown"
"baseline-vs-ccrs-v1","001-baseline","dfs_baseline.jcm","none","mase-events.jsonl","5287","run-2026-05-24T11-07-04-892Z","6413913","1779624427832","http://127.0.1.1:8080/agents/dfs_baseline_nesw_1","http://127.0.1.1:8080/cells/1/6","unknown"
"baseline-vs-ccrs-v1","001-baseline","dfs_baseline.jcm","none","mase-events.jsonl","5289","run-2026-05-24T11-07-04-892Z","6413915","1779624427945","http://127.0.1.1:8080/agents/dfs_baseline_nesw_1","http://127.0.1.1:8080/cells/1/5","unknown"
"baseline-vs-ccrs-v1","001-baseline","dfs_baseline.jcm","none","mase-events.jsonl","5291","run-2026-05-24T11-07-04-892Z","6413917","1779624428059","http://127.0.1.1:8080/agents/dfs_baseline_nesw_1","http://127.0.1.1:8080/cells/1/4","unknown"
"baseline-vs-ccrs-v1","001-baseline","dfs_baseline.jcm","none","mase-events.jsonl","5293","run-2026-05-24T11-07-04-892Z","6413919","1779624428180","http://127.0.1.1:8080/agents/dfs_baseline_nesw_1","http://127.0.1.1:8080/cells/2/4","unknown"
"baseline-vs-ccrs-v1","001-baseline","dfs_baseline.jcm","none","mase-events.jsonl","5295","run-2026-05-24T11-07-04-892Z","6413921","1779624428304","http://127.0.1.1:8080/agents/dfs_baseline_nesw_1","http://127.0.1.1:8080/cells/2/3","unknown"
"baseline-vs-ccrs-v1","001-baseline","dfs_baseline.jcm","none","mase-events.jsonl","5297","run-2026-05-24T11-07-04-892Z","6413923","1779624428420","http://127.0.1.1:8080/agents/dfs_baseline_nesw_1","http://127.0.1.1:8080/cells/2/2","unknown"
"baseline-vs-ccrs-v1","001-baseline","dfs_baseline.jcm","none","mase-events.jsonl","5299","run-2026-05-24T11-07-04-892Z","6413925","1779624428539","http://127.0.1.1:8080/agents/dfs_baseline_nesw_1","http://127.0.1.1:8080/cells/2/1","unknown"
"baseline-vs-ccrs-v1","001-baseline","dfs_baseline.jcm","none","mase-events.jsonl","5301","run-2026-05-24T11-07-04-892Z","6413927","1779624428665","http://127.0.1.1:8080/agents/dfs_baseline_nesw_1","http://127.0.1.1:8080/cells/2/2","unknown"
"baseline-vs-ccrs-v1","001-baseline","dfs_baseline.jcm","none","mase-events.jsonl","5303","run-2026-05-24T11-07-04-892Z","6413929","1779624428795","http://127.0.1.1:8080/agents/dfs_baseline_nesw_1","http://127.0.1.1:8080/cells/1/2","unknown"
"baseline-vs-ccrs-v1","001-baseline","dfs_baseline.jcm","none","mase-events.jsonl","5305","run-2026-05-24T11-07-04-892Z","6413931","1779624428917","http://127.0.1.1:8080/agents/dfs_baseline_nesw_1","http://127.0.1.1:8080/cells/0/2","unknown"
"baseline-vs-ccrs-v1","001-baseline","dfs_baseline.jcm","none","mase-events.jsonl","5307","run-2026-05-24T11-07-04-892Z","6413933","1779624429040","http://127.0.1.1:8080/agents/dfs_baseline_nesw_1","http://127.0.1.1:8080/cells/0","unknown"
"baseline-vs-ccrs-v1","002-ccrs","dfs_ccrs.jcm","both","mase-events.jsonl","4935","run-2026-05-24T12-07-23-157Z","6418870","1779624684262","http://127.0.1.1:8080/agents/dfs_ccrs_1","http://127.0.1.1:8080/cells/0","unknown"
"baseline-vs-ccrs-v1","002-ccrs","dfs_ccrs.jcm","both","mase-events.jsonl","4937","run-2026-05-24T12-07-23-157Z","6418872","1779624684424","http://127.0.1.1:8080/agents/dfs_ccrs_1","http://127.0.1.1:8080/cells/0/2","unknown"
"baseline-vs-ccrs-v1","002-ccrs","dfs_ccrs.jcm","both","mase-events.jsonl","4939","run-2026-05-24T12-07-23-157Z","6418874","1779624684585","http://127.0.1.1:8080/agents/dfs_ccrs_1","http://127.0.1.1:8080/cells/1/2","unknown"
"baseline-vs-ccrs-v1","002-ccrs","dfs_ccrs.jcm","both","mase-events.jsonl","4941","run-2026-05-24T12-07-23-157Z","6418876","1779624684730","http://127.0.1.1:8080/agents/dfs_ccrs_1","http://127.0.1.1:8080/cells/2/2","unknown"
"baseline-vs-ccrs-v1","002-ccrs","dfs_ccrs.jcm","both","mase-events.jsonl","4943","run-2026-05-24T12-07-23-157Z","6418878","1779624684875","http://127.0.1.1:8080/agents/dfs_ccrs_1","http://127.0.1.1:8080/cells/3/2","unknown"
"baseline-vs-ccrs-v1","002-ccrs","dfs_ccrs.jcm","both","mase-events.jsonl","4945","run-2026-05-24T12-07-23-157Z","6418880","1779624685018","http://127.0.1.1:8080/agents/dfs_ccrs_1","http://127.0.1.1:8080/cells/4/2","unknown"
"baseline-vs-ccrs-v1","002-ccrs","dfs_ccrs.jcm","both","mase-events.jsonl","4947","run-2026-05-24T12-07-23-157Z","6418882","1779624685154","http://127.0.1.1:8080/agents/dfs_ccrs_1","http://127.0.1.1:8080/cells/5/2","unknown"
"baseline-vs-ccrs-v1","002-ccrs","dfs_ccrs.jcm","both","mase-events.jsonl","4949","run-2026-05-24T12-07-23-157Z","6418884","1779624685285","http://127.0.1.1:8080/agents/dfs_ccrs_1","http://127.0.1.1:8080/cells/6/2","unknown"
"baseline-vs-ccrs-v1","002-ccrs","dfs_ccrs.jcm","both","mase-events.jsonl","4951","run-2026-05-24T12-07-23-157Z","6418886","1779624685414","http://127.0.1.1:8080/agents/dfs_ccrs_1","http://127.0.1.1:8080/cells/7/2","unknown"
"baseline-vs-ccrs-v1","002-ccrs","dfs_ccrs.jcm","both","mase-events.jsonl","4953","run-2026-05-24T12-07-23-157Z","6418888","1779624685551","http://127.0.1.1:8080/agents/dfs_ccrs_1","http://127.0.1.1:8080/cells/7/3","unknown"
"baseline-vs-ccrs-v1","002-ccrs","dfs_ccrs.jcm","both","mase-events.jsonl","4955","run-2026-05-24T12-07-23-157Z","6418890","1779624685697","http://127.0.1.1:8080/agents/dfs_ccrs_1","http://127.0.1.1:8080/cells/7/4","unknown"
"baseline-vs-ccrs-v1","002-ccrs","dfs_ccrs.jcm","both","mase-events.jsonl","4957","run-2026-05-24T12-07-23-157Z","6418892","1779624685829","http://127.0.1.1:8080/agents/dfs_ccrs_1","http://127.0.1.1:8080/cells/8/4","unknown"
"baseline-vs-ccrs-v1","002-ccrs","dfs_ccrs.jcm","both","mase-events.jsonl","4959","run-2026-05-24T12-07-23-157Z","6418894","1779624685981","http://127.0.1.1:8080/agents/dfs_ccrs_1","http://127.0.1.1:8080/cells/8/5","unknown"
"baseline-vs-ccrs-v1","002-ccrs","dfs_ccrs.jcm","both","mase-events.jsonl","4961","run-2026-05-24T12-07-23-157Z","6418896","1779624686121","http://127.0.1.1:8080/agents/dfs_ccrs_1","http://127.0.1.1:8080/cells/8/6","unknown"
"baseline-vs-ccrs-v1","002-ccrs","dfs_ccrs.jcm","both","mase-events.jsonl","4963","run-2026-05-24T12-07-23-157Z","6418898","1779624686268","http://127.0.1.1:8080/agents/dfs_ccrs_1","http://127.0.1.1:8080/cells/9/6","unknown"
"baseline-vs-ccrs-v1","002-ccrs","dfs_ccrs.jcm","both","mase-events.jsonl","4965","run-2026-05-24T12-07-23-157Z","6418900","1779624686407","http://127.0.1.1:8080/agents/dfs_ccrs_1","http://127.0.1.1:8080/cells/10/6","unknown"
"baseline-vs-ccrs-v1","002-ccrs","dfs_ccrs.jcm","both","mase-events.jsonl","4967","run-2026-05-24T12-07-23-157Z","6418902","1779624686550","http://127.0.1.1:8080/agents/dfs_ccrs_1","http://127.0.1.1:8080/cells/11/6","unknown"
"baseline-vs-ccrs-v1","002-ccrs","dfs_ccrs.jcm","both","mase-events.jsonl","4969","run-2026-05-24T12-07-23-157Z","6418904","1779624686698","http://127.0.1.1:8080/agents/dfs_ccrs_1","http://127.0.1.1:8080/cells/11/5","unknown"
"baseline-vs-ccrs-v1","002-ccrs","dfs_ccrs.jcm","both","mase-events.jsonl","4971","run-2026-05-24T12-07-23-157Z","6418906","1779624686862","http://127.0.1.1:8080/agents/dfs_ccrs_1","http://127.0.1.1:8080/cells/12/5","unknown"
"baseline-vs-ccrs-v1","002-ccrs","dfs_ccrs.jcm","both","mase-events.jsonl","4974","run-2026-05-24T12-07-23-157Z","6418909","1779624699491","http://127.0.1.1:8080/agents/dfs_ccrs_1","http://127.0.1.1:8080/cells/13/5","unknown"
"baseline-vs-ccrs-v1","002-ccrs","dfs_ccrs.jcm","both","mase-events.jsonl","4976","run-2026-05-24T12-07-23-157Z","6418911","1779624699615","http://127.0.1.1:8080/agents/dfs_ccrs_1","http://127.0.1.1:8080/cells/14/5","unknown"
"baseline-vs-ccrs-v1","002-ccrs","dfs_ccrs.jcm","both","mase-events.jsonl","4978","run-2026-05-24T12-07-23-157Z","6418913","1779624699741","http://127.0.1.1:8080/agents/dfs_ccrs_1","http://127.0.1.1:8080/cells/15/5","unknown"
"baseline-vs-ccrs-v1","002-ccrs","dfs_ccrs.jcm","both","mase-events.jsonl","4980","run-2026-05-24T12-07-23-157Z","6418915","1779624699877","http://127.0.1.1:8080/agents/dfs_ccrs_1","http://127.0.1.1:8080/cells/15/6","unknown"
"baseline-vs-ccrs-v1","002-ccrs","dfs_ccrs.jcm","both","mase-events.jsonl","4982","run-2026-05-24T12-07-23-157Z","6418917","1779624700010","http://127.0.1.1:8080/agents/dfs_ccrs_1","http://127.0.1.1:8080/cells/15/7","unknown"
"baseline-vs-ccrs-v1","002-ccrs","dfs_ccrs.jcm","both","mase-events.jsonl","4984","run-2026-05-24T12-07-23-157Z","6418919","1779624700150","http://127.0.1.1:8080/agents/dfs_ccrs_1","http://127.0.1.1:8080/cells/15/8","unknown"
"baseline-vs-ccrs-v1","002-ccrs","dfs_ccrs.jcm","both","mase-events.jsonl","4986","run-2026-05-24T12-07-23-157Z","6418921","1779624700287","http://127.0.1.1:8080/agents/dfs_ccrs_1","http://127.0.1.1:8080/cells/16/8","unknown"
"baseline-vs-ccrs-v1","002-ccrs","dfs_ccrs.jcm","both","mase-events.jsonl","4988","run-2026-05-24T12-07-23-157Z","6418923","1779624700422","http://127.0.1.1:8080/agents/dfs_ccrs_1","http://127.0.1.1:8080/cells/17/8","unknown"
"baseline-vs-ccrs-v1","002-ccrs","dfs_ccrs.jcm","both","mase-events.jsonl","4990","run-2026-05-24T12-07-23-157Z","6418925","1779624700554","http://127.0.1.1:8080/agents/dfs_ccrs_1","http://127.0.1.1:8080/cells/18/8","unknown"
"baseline-vs-ccrs-v1","002-ccrs","dfs_ccrs.jcm","both","mase-events.jsonl","4992","run-2026-05-24T12-07-23-157Z","6418927","1779624700679","http://127.0.1.1:8080/agents/dfs_ccrs_1","http://127.0.1.1:8080/cells/18/9","unknown"
"baseline-vs-ccrs-v1","002-ccrs","dfs_ccrs.jcm","both","mase-events.jsonl","4994","run-2026-05-24T12-07-23-157Z","6418929","1779624700807","http://127.0.1.1:8080/agents/dfs_ccrs_1","http://127.0.1.1:8080/cells/19/9","unknown"
"baseline-vs-ccrs-v1","002-ccrs","dfs_ccrs.jcm","both","mase-events.jsonl","4996","run-2026-05-24T12-07-23-157Z","6418931","1779624700926","http://127.0.1.1:8080/agents/dfs_ccrs_1","http://127.0.1.1:8080/cells/20/9","unknown"
"baseline-vs-ccrs-v1","002-ccrs","dfs_ccrs.jcm","both","mase-events.jsonl","4998","run-2026-05-24T12-07-23-157Z","6418933","1779624701056","http://127.0.1.1:8080/agents/dfs_ccrs_1","http://127.0.1.1:8080/cells/21/9","unknown"
"baseline-vs-ccrs-v1","002-ccrs","dfs_ccrs.jcm","both","mase-events.jsonl","5000","run-2026-05-24T12-07-23-157Z","6418935","1779624701194","http://127.0.1.1:8080/agents/dfs_ccrs_1","http://127.0.1.1:8080/cells/22/9","unknown"
"baseline-vs-ccrs-v1","002-ccrs","dfs_ccrs.jcm","both","mase-events.jsonl","5002","run-2026-05-24T12-07-23-157Z","6418937","1779624701327","http://127.0.1.1:8080/agents/dfs_ccrs_1","http://127.0.1.1:8080/cells/23/9","unknown"
"baseline-vs-ccrs-v1","002-ccrs","dfs_ccrs.jcm","both","mase-events.jsonl","5004","run-2026-05-24T12-07-23-157Z","6418939","1779624701454","http://127.0.1.1:8080/agents/dfs_ccrs_1","http://127.0.1.1:8080/cells/23/10","unknown"
"baseline-vs-ccrs-v1","002-ccrs","dfs_ccrs.jcm","both","mase-events.jsonl","5006","run-2026-05-24T12-07-23-157Z","6418941","1779624701597","http://127.0.1.1:8080/agents/dfs_ccrs_1","http://127.0.1.1:8080/cells/24/10","unknown"
"baseline-vs-ccrs-v1","002-ccrs","dfs_ccrs.jcm","both","mase-events.jsonl","5008","run-2026-05-24T12-07-23-157Z","6418943","1779624701730","http://127.0.1.1:8080/agents/dfs_ccrs_1","http://127.0.1.1:8080/cells/25/10","unknown"
"baseline-vs-ccrs-v1","002-ccrs","dfs_ccrs.jcm","both","mase-events.jsonl","5010","run-2026-05-24T12-07-23-157Z","6418945","1779624701858","http://127.0.1.1:8080/agents/dfs_ccrs_1","http://127.0.1.1:8080/cells/26/10","unknown"
"baseline-vs-ccrs-v1","002-ccrs","dfs_ccrs.jcm","both","mase-events.jsonl","5012","run-2026-05-24T12-07-23-157Z","6418947","1779624701979","http://127.0.1.1:8080/agents/dfs_ccrs_1","http://127.0.1.1:8080/cells/26/11","unknown"
"baseline-vs-ccrs-v1","002-ccrs","dfs_ccrs.jcm","both","mase-events.jsonl","5014","run-2026-05-24T12-07-23-157Z","6418949","1779624702098","http://127.0.1.1:8080/agents/dfs_ccrs_1","http://127.0.1.1:8080/cells/27/11","unknown"
"baseline-vs-ccrs-v1","002-ccrs","dfs_ccrs.jcm","both","mase-events.jsonl","5016","run-2026-05-24T12-07-23-157Z","6418951","1779624702225","http://127.0.1.1:8080/agents/dfs_ccrs_1","http://127.0.1.1:8080/cells/28/11","unknown"
"baseline-vs-ccrs-v1","002-ccrs","dfs_ccrs.jcm","both","mase-events.jsonl","5018","run-2026-05-24T12-07-23-157Z","6418953","1779624702357","http://127.0.1.1:8080/agents/dfs_ccrs_1","http://127.0.1.1:8080/cells/28/12","unknown"
"baseline-vs-ccrs-v1","002-ccrs","dfs_ccrs.jcm","both","mase-events.jsonl","5020","run-2026-05-24T12-07-23-157Z","6418955","1779624702488","http://127.0.1.1:8080/agents/dfs_ccrs_1","http://127.0.1.1:8080/cells/28/13","unknown"
"baseline-vs-ccrs-v1","002-ccrs","dfs_ccrs.jcm","both","mase-events.jsonl","5022","run-2026-05-24T12-07-23-157Z","6418957","1779624702621","http://127.0.1.1:8080/agents/dfs_ccrs_1","http://127.0.1.1:8080/cells/28/14","unknown"
"baseline-vs-ccrs-v1","002-ccrs","dfs_ccrs.jcm","both","mase-events.jsonl","5024","run-2026-05-24T12-07-23-157Z","6418959","1779624702749","http://127.0.1.1:8080/agents/dfs_ccrs_1","http://127.0.1.1:8080/cells/28/15","unknown"
"baseline-vs-ccrs-v1","002-ccrs","dfs_ccrs.jcm","both","mase-events.jsonl","5026","run-2026-05-24T12-07-23-157Z","6418961","1779624702870","http://127.0.1.1:8080/agents/dfs_ccrs_1","http://127.0.1.1:8080/cells/29/15","unknown"
"baseline-vs-ccrs-v1","002-ccrs","dfs_ccrs.jcm","both","mase-events.jsonl","5028","run-2026-05-24T12-07-23-157Z","6418963","1779624702994","http://127.0.1.1:8080/agents/dfs_ccrs_1","http://127.0.1.1:8080/cells/29/16","unknown"
"baseline-vs-ccrs-v1","002-ccrs","dfs_ccrs.jcm","both","mase-events.jsonl","5030","run-2026-05-24T12-07-23-157Z","6418965","1779624703123","http://127.0.1.1:8080/agents/dfs_ccrs_1","http://127.0.1.1:8080/cells/30/16","unknown"
"baseline-vs-ccrs-v1","002-ccrs","dfs_ccrs.jcm","both","mase-events.jsonl","5032","run-2026-05-24T12-07-23-157Z","6418967","1779624703247","http://127.0.1.1:8080/agents/dfs_ccrs_1","http://127.0.1.1:8080/cells/31/16","unknown"
"baseline-vs-ccrs-v1","002-ccrs","dfs_ccrs.jcm","both","mase-events.jsonl","5034","run-2026-05-24T12-07-23-157Z","6418969","1779624703371","http://127.0.1.1:8080/agents/dfs_ccrs_1","http://127.0.1.1:8080/cells/31/17","unknown"
"baseline-vs-ccrs-v1","002-ccrs","dfs_ccrs.jcm","both","mase-events.jsonl","5036","run-2026-05-24T12-07-23-157Z","6418971","1779624703495","http://127.0.1.1:8080/agents/dfs_ccrs_1","http://127.0.1.1:8080/cells/32/17","unknown"
"baseline-vs-ccrs-v1","002-ccrs","dfs_ccrs.jcm","both","mase-events.jsonl","5038","run-2026-05-24T12-07-23-157Z","6418973","1779624703620","http://127.0.1.1:8080/agents/dfs_ccrs_1","http://127.0.1.1:8080/cells/32/18","unknown"
"baseline-vs-ccrs-v1","002-ccrs","dfs_ccrs.jcm","both","mase-events.jsonl","5040","run-2026-05-24T12-07-23-157Z","6418975","1779624703745","http://127.0.1.1:8080/agents/dfs_ccrs_1","http://127.0.1.1:8080/cells/32/19","unknown"
"baseline-vs-ccrs-v1","002-ccrs","dfs_ccrs.jcm","both","mase-events.jsonl","5042","run-2026-05-24T12-07-23-157Z","6418977","1779624703871","http://127.0.1.1:8080/agents/dfs_ccrs_1","http://127.0.1.1:8080/cells/33/19","unknown"
"baseline-vs-ccrs-v1","002-ccrs","dfs_ccrs.jcm","both","mase-events.jsonl","5044","run-2026-05-24T12-07-23-157Z","6418979","1779624703999","http://127.0.1.1:8080/agents/dfs_ccrs_1","http://127.0.1.1:8080/cells/34/19","unknown"
"baseline-vs-ccrs-v1","002-ccrs","dfs_ccrs.jcm","both","mase-events.jsonl","5046","run-2026-05-24T12-07-23-157Z","6418981","1779624704126","http://127.0.1.1:8080/agents/dfs_ccrs_1","http://127.0.1.1:8080/cells/34/20","unknown"
"baseline-vs-ccrs-v1","002-ccrs","dfs_ccrs.jcm","both","mase-events.jsonl","5048","run-2026-05-24T12-07-23-157Z","6418983","1779624704267","http://127.0.1.1:8080/agents/dfs_ccrs_1","http://127.0.1.1:8080/cells/34/21","unknown"
"baseline-vs-ccrs-v1","002-ccrs","dfs_ccrs.jcm","both","mase-events.jsonl","5050","run-2026-05-24T12-07-23-157Z","6418985","1779624704391","http://127.0.1.1:8080/agents/dfs_ccrs_1","http://127.0.1.1:8080/cells/35/21","unknown"
"baseline-vs-ccrs-v1","002-ccrs","dfs_ccrs.jcm","both","mase-events.jsonl","5052","run-2026-05-24T12-07-23-157Z","6418987","1779624704522","http://127.0.1.1:8080/agents/dfs_ccrs_1","http://127.0.1.1:8080/cells/36/21","unknown"
"baseline-vs-ccrs-v1","002-ccrs","dfs_ccrs.jcm","both","mase-events.jsonl","5054","run-2026-05-24T12-07-23-157Z","6418989","1779624704638","http://127.0.1.1:8080/agents/dfs_ccrs_1","http://127.0.1.1:8080/cells/36/22","unknown"
"baseline-vs-ccrs-v1","002-ccrs","dfs_ccrs.jcm","both","mase-events.jsonl","5056","run-2026-05-24T12-07-23-157Z","6418991","1779624704752","http://127.0.1.1:8080/agents/dfs_ccrs_1","http://127.0.1.1:8080/cells/36/23","unknown"
"baseline-vs-ccrs-v1","002-ccrs","dfs_ccrs.jcm","both","mase-events.jsonl","5058","run-2026-05-24T12-07-23-157Z","6418993","1779624704873","http://127.0.1.1:8080/agents/dfs_ccrs_1","http://127.0.1.1:8080/cells/37/23","unknown"
"baseline-vs-ccrs-v1","002-ccrs","dfs_ccrs.jcm","both","mase-events.jsonl","5060","run-2026-05-24T12-07-23-157Z","6418995","1779624705005","http://127.0.1.1:8080/agents/dfs_ccrs_1","http://127.0.1.1:8080/cells/37/24","unknown"
"baseline-vs-ccrs-v1","002-ccrs","dfs_ccrs.jcm","both","mase-events.jsonl","5062","run-2026-05-24T12-07-23-157Z","6418997","1779624705143","http://127.0.1.1:8080/agents/dfs_ccrs_1","http://127.0.1.1:8080/cells/37/25","unknown"
"baseline-vs-ccrs-v1","002-ccrs","dfs_ccrs.jcm","both","mase-events.jsonl","5064","run-2026-05-24T12-07-23-157Z","6418999","1779624705283","http://127.0.1.1:8080/agents/dfs_ccrs_1","http://127.0.1.1:8080/cells/37/26","unknown"
"baseline-vs-ccrs-v1","002-ccrs","dfs_ccrs.jcm","both","mase-events.jsonl","5066","run-2026-05-24T12-07-23-157Z","6419001","1779624705407","http://127.0.1.1:8080/agents/dfs_ccrs_1","http://127.0.1.1:8080/cells/37/27","unknown"
"baseline-vs-ccrs-v1","002-ccrs","dfs_ccrs.jcm","both","mase-events.jsonl","5068","run-2026-05-24T12-07-23-157Z","6419003","1779624705532","http://127.0.1.1:8080/agents/dfs_ccrs_1","http://127.0.1.1:8080/cells/37/28","unknown"
"baseline-vs-ccrs-v1","002-ccrs","dfs_ccrs.jcm","both","mase-events.jsonl","5070","run-2026-05-24T12-07-23-157Z","6419005","1779624705656","http://127.0.1.1:8080/agents/dfs_ccrs_1","http://127.0.1.1:8080/cells/37/29","unknown"
"baseline-vs-ccrs-v1","002-ccrs","dfs_ccrs.jcm","both","mase-events.jsonl","5072","run-2026-05-24T12-07-23-157Z","6419007","1779624705784","http://127.0.1.1:8080/agents/dfs_ccrs_1","http://127.0.1.1:8080/cells/37/30","unknown"
"baseline-vs-ccrs-v1","002-ccrs","dfs_ccrs.jcm","both","mase-events.jsonl","5074","run-2026-05-24T12-07-23-157Z","6419009","1779624705923","http://127.0.1.1:8080/agents/dfs_ccrs_1","http://127.0.1.1:8080/cells/37/31","unknown"
"baseline-vs-ccrs-v1","002-ccrs","dfs_ccrs.jcm","both","mase-events.jsonl","5076","run-2026-05-24T12-07-23-157Z","6419011","1779624706042","http://127.0.1.1:8080/agents/dfs_ccrs_1","http://127.0.1.1:8080/cells/36/31","unknown"
"baseline-vs-ccrs-v1","002-ccrs","dfs_ccrs.jcm","both","mase-events.jsonl","5078","run-2026-05-24T12-07-23-157Z","6419013","1779624706164","http://127.0.1.1:8080/agents/dfs_ccrs_1","http://127.0.1.1:8080/cells/35/31","unknown"
"baseline-vs-ccrs-v1","002-ccrs","dfs_ccrs.jcm","both","mase-events.jsonl","5080","run-2026-05-24T12-07-23-157Z","6419015","1779624706298","http://127.0.1.1:8080/agents/dfs_ccrs_1","http://127.0.1.1:8080/cells/35/30","unknown"
"baseline-vs-ccrs-v1","002-ccrs","dfs_ccrs.jcm","both","mase-events.jsonl","5082","run-2026-05-24T12-07-23-157Z","6419017","1779624706422","http://127.0.1.1:8080/agents/dfs_ccrs_1","http://127.0.1.1:8080/cells/35/29","unknown"
"baseline-vs-ccrs-v1","002-ccrs","dfs_ccrs.jcm","both","mase-events.jsonl","5084","run-2026-05-24T12-07-23-157Z","6419019","1779624706547","http://127.0.1.1:8080/agents/dfs_ccrs_1","http://127.0.1.1:8080/cells/35/28","unknown"
"baseline-vs-ccrs-v1","002-ccrs","dfs_ccrs.jcm","both","mase-events.jsonl","5086","run-2026-05-24T12-07-23-157Z","6419021","1779624706668","http://127.0.1.1:8080/agents/dfs_ccrs_1","http://127.0.1.1:8080/cells/35/27","unknown"
"baseline-vs-ccrs-v1","002-ccrs","dfs_ccrs.jcm","both","mase-events.jsonl","5088","run-2026-05-24T12-07-23-157Z","6419023","1779624706804","http://127.0.1.1:8080/agents/dfs_ccrs_1","http://127.0.1.1:8080/cells/34/27","unknown"
"baseline-vs-ccrs-v1","002-ccrs","dfs_ccrs.jcm","both","mase-events.jsonl","5090","run-2026-05-24T12-07-23-157Z","6419025","1779624706939","http://127.0.1.1:8080/agents/dfs_ccrs_1","http://127.0.1.1:8080/cells/33/27","unknown"
"baseline-vs-ccrs-v1","002-ccrs","dfs_ccrs.jcm","both","mase-events.jsonl","5092","run-2026-05-24T12-07-23-157Z","6419027","1779624707059","http://127.0.1.1:8080/agents/dfs_ccrs_1","http://127.0.1.1:8080/cells/33/26","unknown"
"baseline-vs-ccrs-v1","002-ccrs","dfs_ccrs.jcm","both","mase-events.jsonl","5094","run-2026-05-24T12-07-23-157Z","6419029","1779624707182","http://127.0.1.1:8080/agents/dfs_ccrs_1","http://127.0.1.1:8080/cells/33/25","unknown"
"baseline-vs-ccrs-v1","002-ccrs","dfs_ccrs.jcm","both","mase-events.jsonl","5096","run-2026-05-24T12-07-23-157Z","6419031","1779624707323","http://127.0.1.1:8080/agents/dfs_ccrs_1","http://127.0.1.1:8080/cells/33/24","unknown"
"baseline-vs-ccrs-v1","002-ccrs","dfs_ccrs.jcm","both","mase-events.jsonl","5098","run-2026-05-24T12-07-23-157Z","6419033","1779624707452","http://127.0.1.1:8080/agents/dfs_ccrs_1","http://127.0.1.1:8080/cells/32/24","unknown"
"baseline-vs-ccrs-v1","002-ccrs","dfs_ccrs.jcm","both","mase-events.jsonl","5100","run-2026-05-24T12-07-23-157Z","6419035","1779624707583","http://127.0.1.1:8080/agents/dfs_ccrs_1","http://127.0.1.1:8080/cells/31/24","unknown"
"baseline-vs-ccrs-v1","002-ccrs","dfs_ccrs.jcm","both","mase-events.jsonl","5102","run-2026-05-24T12-07-23-157Z","6419037","1779624707719","http://127.0.1.1:8080/agents/dfs_ccrs_1","http://127.0.1.1:8080/cells/31/25","unknown"
"baseline-vs-ccrs-v1","002-ccrs","dfs_ccrs.jcm","both","mase-events.jsonl","5104","run-2026-05-24T12-07-23-157Z","6419039","1779624707848","http://127.0.1.1:8080/agents/dfs_ccrs_1","http://127.0.1.1:8080/cells/31/26","unknown"
"baseline-vs-ccrs-v1","002-ccrs","dfs_ccrs.jcm","both","mase-events.jsonl","5106","run-2026-05-24T12-07-23-157Z","6419041","1779624707976","http://127.0.1.1:8080/agents/dfs_ccrs_1","http://127.0.1.1:8080/cells/31/27","unknown"
"baseline-vs-ccrs-v1","002-ccrs","dfs_ccrs.jcm","both","mase-events.jsonl","5108","run-2026-05-24T12-07-23-157Z","6419043","1779624708102","http://127.0.1.1:8080/agents/dfs_ccrs_1","http://127.0.1.1:8080/cells/31/28","unknown"
"baseline-vs-ccrs-v1","002-ccrs","dfs_ccrs.jcm","both","mase-events.jsonl","5110","run-2026-05-24T12-07-23-157Z","6419045","1779624708225","http://127.0.1.1:8080/agents/dfs_ccrs_1","http://127.0.1.1:8080/cells/31/29","unknown"
"baseline-vs-ccrs-v1","002-ccrs","dfs_ccrs.jcm","both","mase-events.jsonl","5112","run-2026-05-24T12-07-23-157Z","6419047","1779624708352","http://127.0.1.1:8080/agents/dfs_ccrs_1","http://127.0.1.1:8080/cells/31/30","unknown"
"baseline-vs-ccrs-v1","002-ccrs","dfs_ccrs.jcm","both","mase-events.jsonl","5114","run-2026-05-24T12-07-23-157Z","6419049","1779624708476","http://127.0.1.1:8080/agents/dfs_ccrs_1","http://127.0.1.1:8080/cells/32/30","unknown"
"baseline-vs-ccrs-v1","002-ccrs","dfs_ccrs.jcm","both","mase-events.jsonl","5116","run-2026-05-24T12-07-23-157Z","6419051","1779624708592","http://127.0.1.1:8080/agents/dfs_ccrs_1","http://127.0.1.1:8080/cells/33/30","unknown"
"baseline-vs-ccrs-v1","002-ccrs","dfs_ccrs.jcm","both","mase-events.jsonl","5118","run-2026-05-24T12-07-23-157Z","6419053","1779624708719","http://127.0.1.1:8080/agents/dfs_ccrs_1","http://127.0.1.1:8080/cells/33/31","unknown"
"baseline-vs-ccrs-v1","002-ccrs","dfs_ccrs.jcm","both","mase-events.jsonl","5120","run-2026-05-24T12-07-23-157Z","6419055","1779624708851","http://127.0.1.1:8080/agents/dfs_ccrs_1","http://127.0.1.1:8080/cells/33/32","unknown"
"baseline-vs-ccrs-v1","002-ccrs","dfs_ccrs.jcm","both","mase-events.jsonl","5122","run-2026-05-24T12-07-23-157Z","6419057","1779624708977","http://127.0.1.1:8080/agents/dfs_ccrs_1","http://127.0.1.1:8080/cells/33/33","unknown"
"baseline-vs-ccrs-v1","002-ccrs","dfs_ccrs.jcm","both","mase-events.jsonl","5124","run-2026-05-24T12-07-23-157Z","6419059","1779624709112","http://127.0.1.1:8080/agents/dfs_ccrs_1","http://127.0.1.1:8080/cells/33/34","unknown"
"baseline-vs-ccrs-v1","002-ccrs","dfs_ccrs.jcm","both","mase-events.jsonl","5126","run-2026-05-24T12-07-23-157Z","6419061","1779624709254","http://127.0.1.1:8080/agents/dfs_ccrs_1","http://127.0.1.1:8080/cells/33/35","unknown"
"baseline-vs-ccrs-v1","002-ccrs","dfs_ccrs.jcm","both","mase-events.jsonl","5128","run-2026-05-24T12-07-23-157Z","6419063","1779624709381","http://127.0.1.1:8080/agents/dfs_ccrs_1","http://127.0.1.1:8080/cells/33/36","unknown"
"baseline-vs-ccrs-v1","002-ccrs","dfs_ccrs.jcm","both","mase-events.jsonl","5130","run-2026-05-24T12-07-23-157Z","6419065","1779624709499","http://127.0.1.1:8080/agents/dfs_ccrs_1","http://127.0.1.1:8080/cells/34/36","unknown"
"baseline-vs-ccrs-v1","002-ccrs","dfs_ccrs.jcm","both","mase-events.jsonl","5132","run-2026-05-24T12-07-23-157Z","6419067","1779624709629","http://127.0.1.1:8080/agents/dfs_ccrs_1","http://127.0.1.1:8080/cells/35/36","unknown"
"baseline-vs-ccrs-v1","002-ccrs","dfs_ccrs.jcm","both","mase-events.jsonl","5134","run-2026-05-24T12-07-23-157Z","6419069","1779624709755","http://127.0.1.1:8080/agents/dfs_ccrs_1","http://127.0.1.1:8080/cells/36/36","unknown"
"baseline-vs-ccrs-v1","002-ccrs","dfs_ccrs.jcm","both","mase-events.jsonl","5137","run-2026-05-24T12-07-23-157Z","6419072","1779624715832","http://127.0.1.1:8080/agents/dfs_ccrs_1","http://127.0.1.1:8080/cells/36/37","unknown"
"baseline-vs-ccrs-v1","002-ccrs","dfs_ccrs.jcm","both","mase-events.jsonl","5139","run-2026-05-24T12-07-23-157Z","6419074","1779624715949","http://127.0.1.1:8080/agents/dfs_ccrs_1","http://127.0.1.1:8080/cells/36/38","unknown"
"baseline-vs-ccrs-v1","002-ccrs","dfs_ccrs.jcm","both","mase-events.jsonl","5141","run-2026-05-24T12-07-23-157Z","6419076","1779624716063","http://127.0.1.1:8080/agents/dfs_ccrs_1","http://127.0.1.1:8080/cells/36/39","unknown"
"baseline-vs-ccrs-v1","002-ccrs","dfs_ccrs.jcm","both","mase-events.jsonl","5143","run-2026-05-24T12-07-23-157Z","6419078","1779624716180","http://127.0.1.1:8080/agents/dfs_ccrs_1","http://127.0.1.1:8080/cells/35/39","unknown"
"baseline-vs-ccrs-v1","002-ccrs","dfs_ccrs.jcm","both","mase-events.jsonl","5145","run-2026-05-24T12-07-23-157Z","6419080","1779624716290","http://127.0.1.1:8080/agents/dfs_ccrs_1","http://127.0.1.1:8080/cells/34/39","unknown"
"baseline-vs-ccrs-v1","002-ccrs","dfs_ccrs.jcm","both","mase-events.jsonl","5147","run-2026-05-24T12-07-23-157Z","6419082","1779624716414","http://127.0.1.1:8080/agents/dfs_ccrs_1","http://127.0.1.1:8080/cells/34/40","unknown"
"baseline-vs-ccrs-v1","002-ccrs","dfs_ccrs.jcm","both","mase-events.jsonl","5149","run-2026-05-24T12-07-23-157Z","6419084","1779624716531","http://127.0.1.1:8080/agents/dfs_ccrs_1","http://127.0.1.1:8080/cells/33/40","unknown"
"baseline-vs-ccrs-v1","002-ccrs","dfs_ccrs.jcm","both","mase-events.jsonl","5151","run-2026-05-24T12-07-23-157Z","6419086","1779624716652","http://127.0.1.1:8080/agents/dfs_ccrs_1","http://127.0.1.1:8080/cells/32/40","unknown"
"baseline-vs-ccrs-v1","002-ccrs","dfs_ccrs.jcm","both","mase-events.jsonl","5153","run-2026-05-24T12-07-23-157Z","6419088","1779624716779","http://127.0.1.1:8080/agents/dfs_ccrs_1","http://127.0.1.1:8080/cells/31/40","unknown"
"baseline-vs-ccrs-v1","002-ccrs","dfs_ccrs.jcm","both","mase-events.jsonl","5155","run-2026-05-24T12-07-23-157Z","6419090","1779624716898","http://127.0.1.1:8080/agents/dfs_ccrs_1","http://127.0.1.1:8080/cells/31/41","unknown"
"baseline-vs-ccrs-v1","002-ccrs","dfs_ccrs.jcm","both","mase-events.jsonl","5157","run-2026-05-24T12-07-23-157Z","6419092","1779624717024","http://127.0.1.1:8080/agents/dfs_ccrs_1","http://127.0.1.1:8080/cells/31/42","unknown"
"baseline-vs-ccrs-v1","002-ccrs","dfs_ccrs.jcm","both","mase-events.jsonl","5159","run-2026-05-24T12-07-23-157Z","6419094","1779624717147","http://127.0.1.1:8080/agents/dfs_ccrs_1","http://127.0.1.1:8080/cells/31/43","unknown"
"baseline-vs-ccrs-v1","002-ccrs","dfs_ccrs.jcm","both","mase-events.jsonl","5161","run-2026-05-24T12-07-23-157Z","6419096","1779624717263","http://127.0.1.1:8080/agents/dfs_ccrs_1","http://127.0.1.1:8080/cells/32/43","unknown"
"baseline-vs-ccrs-v1","002-ccrs","dfs_ccrs.jcm","both","mase-events.jsonl","5163","run-2026-05-24T12-07-23-157Z","6419098","1779624717386","http://127.0.1.1:8080/agents/dfs_ccrs_1","http://127.0.1.1:8080/cells/33/43","unknown"
"baseline-vs-ccrs-v1","002-ccrs","dfs_ccrs.jcm","both","mase-events.jsonl","5165","run-2026-05-24T12-07-23-157Z","6419100","1779624717506","http://127.0.1.1:8080/agents/dfs_ccrs_1","http://127.0.1.1:8080/cells/34/43","unknown"
"baseline-vs-ccrs-v1","002-ccrs","dfs_ccrs.jcm","both","mase-events.jsonl","5167","run-2026-05-24T12-07-23-157Z","6419102","1779624717635","http://127.0.1.1:8080/agents/dfs_ccrs_1","http://127.0.1.1:8080/cells/35/43","unknown"
"baseline-vs-ccrs-v1","002-ccrs","dfs_ccrs.jcm","both","mase-events.jsonl","5169","run-2026-05-24T12-07-23-157Z","6419104","1779624717746","http://127.0.1.1:8080/agents/dfs_ccrs_1","http://127.0.1.1:8080/cells/36/43","unknown"
"baseline-vs-ccrs-v1","002-ccrs","dfs_ccrs.jcm","both","mase-events.jsonl","5171","run-2026-05-24T12-07-23-157Z","6419106","1779624717865","http://127.0.1.1:8080/agents/dfs_ccrs_1","http://127.0.1.1:8080/cells/37/43","unknown"
"baseline-vs-ccrs-v1","002-ccrs","dfs_ccrs.jcm","both","mase-events.jsonl","5173","run-2026-05-24T12-07-23-157Z","6419108","1779624717984","http://127.0.1.1:8080/agents/dfs_ccrs_1","http://127.0.1.1:8080/cells/38/43","unknown"
"baseline-vs-ccrs-v1","002-ccrs","dfs_ccrs.jcm","both","mase-events.jsonl","5175","run-2026-05-24T12-07-23-157Z","6419110","1779624718102","http://127.0.1.1:8080/agents/dfs_ccrs_1","http://127.0.1.1:8080/cells/39/43","unknown"
"baseline-vs-ccrs-v1","002-ccrs","dfs_ccrs.jcm","both","mase-events.jsonl","5177","run-2026-05-24T12-07-23-157Z","6419112","1779624718215","http://127.0.1.1:8080/agents/dfs_ccrs_1","http://127.0.1.1:8080/cells/39/44","unknown"
"baseline-vs-ccrs-v1","002-ccrs","dfs_ccrs.jcm","both","mase-events.jsonl","5179","run-2026-05-24T12-07-23-157Z","6419114","1779624718326","http://127.0.1.1:8080/agents/dfs_ccrs_1","http://127.0.1.1:8080/cells/40/44","unknown"
"baseline-vs-ccrs-v1","002-ccrs","dfs_ccrs.jcm","both","mase-events.jsonl","5181","run-2026-05-24T12-07-23-157Z","6419116","1779624718450","http://127.0.1.1:8080/agents/dfs_ccrs_1","http://127.0.1.1:8080/cells/41/44","unknown"
"baseline-vs-ccrs-v1","002-ccrs","dfs_ccrs.jcm","both","mase-events.jsonl","5183","run-2026-05-24T12-07-23-157Z","6419118","1779624718569","http://127.0.1.1:8080/agents/dfs_ccrs_1","http://127.0.1.1:8080/cells/41/45","unknown"
"baseline-vs-ccrs-v1","002-ccrs","dfs_ccrs.jcm","both","mase-events.jsonl","5185","run-2026-05-24T12-07-23-157Z","6419120","1779624718694","http://127.0.1.1:8080/agents/dfs_ccrs_1","http://127.0.1.1:8080/cells/41/46","unknown"
"baseline-vs-ccrs-v1","002-ccrs","dfs_ccrs.jcm","both","mase-events.jsonl","5187","run-2026-05-24T12-07-23-157Z","6419122","1779624718823","http://127.0.1.1:8080/agents/dfs_ccrs_1","http://127.0.1.1:8080/cells/40/46","unknown"
"baseline-vs-ccrs-v1","002-ccrs","dfs_ccrs.jcm","both","mase-events.jsonl","5189","run-2026-05-24T12-07-23-157Z","6419124","1779624718948","http://127.0.1.1:8080/agents/dfs_ccrs_1","http://127.0.1.1:8080/cells/40/47","unknown"
"baseline-vs-ccrs-v1","002-ccrs","dfs_ccrs.jcm","both","mase-events.jsonl","5191","run-2026-05-24T12-07-23-157Z","6419126","1779624719057","http://127.0.1.1:8080/agents/dfs_ccrs_1","http://127.0.1.1:8080/cells/40/46","unknown"
"baseline-vs-ccrs-v1","002-ccrs","dfs_ccrs.jcm","both","mase-events.jsonl","5193","run-2026-05-24T12-07-23-157Z","6419128","1779624719211","http://127.0.1.1:8080/agents/dfs_ccrs_1","http://127.0.1.1:8080/cells/41/46","unknown"
"baseline-vs-ccrs-v1","002-ccrs","dfs_ccrs.jcm","both","mase-events.jsonl","5195","run-2026-05-24T12-07-23-157Z","6419130","1779624719338","http://127.0.1.1:8080/agents/dfs_ccrs_1","http://127.0.1.1:8080/cells/41/45","unknown"
"baseline-vs-ccrs-v1","002-ccrs","dfs_ccrs.jcm","both","mase-events.jsonl","5197","run-2026-05-24T12-07-23-157Z","6419132","1779624719452","http://127.0.1.1:8080/agents/dfs_ccrs_1","http://127.0.1.1:8080/cells/41/44","unknown"
"baseline-vs-ccrs-v1","002-ccrs","dfs_ccrs.jcm","both","mase-events.jsonl","5199","run-2026-05-24T12-07-23-157Z","6419134","1779624719577","http://127.0.1.1:8080/agents/dfs_ccrs_1","http://127.0.1.1:8080/cells/41/43","unknown"
"baseline-vs-ccrs-v1","002-ccrs","dfs_ccrs.jcm","both","mase-events.jsonl","5201","run-2026-05-24T12-07-23-157Z","6419136","1779624719701","http://127.0.1.1:8080/agents/dfs_ccrs_1","http://127.0.1.1:8080/cells/42/43","unknown"
"baseline-vs-ccrs-v1","002-ccrs","dfs_ccrs.jcm","both","mase-events.jsonl","5203","run-2026-05-24T12-07-23-157Z","6419138","1779624719814","http://127.0.1.1:8080/agents/dfs_ccrs_1","http://127.0.1.1:8080/cells/43/43","unknown"
"baseline-vs-ccrs-v1","002-ccrs","dfs_ccrs.jcm","both","mase-events.jsonl","5205","run-2026-05-24T12-07-23-157Z","6419140","1779624719936","http://127.0.1.1:8080/agents/dfs_ccrs_1","http://127.0.1.1:8080/cells/43/44","unknown"
"baseline-vs-ccrs-v1","002-ccrs","dfs_ccrs.jcm","both","mase-events.jsonl","5207","run-2026-05-24T12-07-23-157Z","6419142","1779624720059","http://127.0.1.1:8080/agents/dfs_ccrs_1","http://127.0.1.1:8080/cells/43/45","unknown"
"baseline-vs-ccrs-v1","002-ccrs","dfs_ccrs.jcm","both","mase-events.jsonl","5209","run-2026-05-24T12-07-23-157Z","6419144","1779624720186","http://127.0.1.1:8080/agents/dfs_ccrs_1","http://127.0.1.1:8080/cells/44/45","unknown"
"baseline-vs-ccrs-v1","002-ccrs","dfs_ccrs.jcm","both","mase-events.jsonl","5212","run-2026-05-24T12-07-23-157Z","6419147","1779624729438","http://127.0.1.1:8080/agents/dfs_ccrs_1","http://127.0.1.1:8080/cells/45/45","unknown"
"baseline-vs-ccrs-v1","002-ccrs","dfs_ccrs.jcm","both","mase-events.jsonl","5214","run-2026-05-24T12-07-23-157Z","6419149","1779624729550","http://127.0.1.1:8080/agents/dfs_ccrs_1","http://127.0.1.1:8080/cells/46/45","unknown"
"baseline-vs-ccrs-v1","002-ccrs","dfs_ccrs.jcm","both","mase-events.jsonl","5216","run-2026-05-24T12-07-23-157Z","6419151","1779624729662","http://127.0.1.1:8080/agents/dfs_ccrs_1","http://127.0.1.1:8080/cells/47/45","unknown"
"baseline-vs-ccrs-v1","002-ccrs","dfs_ccrs.jcm","both","mase-events.jsonl","5218","run-2026-05-24T12-07-23-157Z","6419153","1779624729782","http://127.0.1.1:8080/agents/dfs_ccrs_1","http://127.0.1.1:8080/cells/47/46","unknown"
"baseline-vs-ccrs-v1","002-ccrs","dfs_ccrs.jcm","both","mase-events.jsonl","5220","run-2026-05-24T12-07-23-157Z","6419155","1779624729901","http://127.0.1.1:8080/agents/dfs_ccrs_1","http://127.0.1.1:8080/cells/47/47","unknown"
"baseline-vs-ccrs-v1","002-ccrs","dfs_ccrs.jcm","both","mase-events.jsonl","5222","run-2026-05-24T12-07-23-157Z","6419157","1779624730018","http://127.0.1.1:8080/agents/dfs_ccrs_1","http://127.0.1.1:8080/cells/46/47","unknown"
"baseline-vs-ccrs-v1","002-ccrs","dfs_ccrs.jcm","both","mase-events.jsonl","5224","run-2026-05-24T12-07-23-157Z","6419159","1779624730140","http://127.0.1.1:8080/agents/dfs_ccrs_1","http://127.0.1.1:8080/cells/47/47","unknown"
"baseline-vs-ccrs-v1","002-ccrs","dfs_ccrs.jcm","both","mase-events.jsonl","5226","run-2026-05-24T12-07-23-157Z","6419161","1779624730262","http://127.0.1.1:8080/agents/dfs_ccrs_1","http://127.0.1.1:8080/cells/47/48","unknown"
"baseline-vs-ccrs-v1","002-ccrs","dfs_ccrs.jcm","both","mase-events.jsonl","5228","run-2026-05-24T12-07-23-157Z","6419163","1779624730372","http://127.0.1.1:8080/agents/dfs_ccrs_1","http://127.0.1.1:8080/cells/47/49","unknown"
"baseline-vs-ccrs-v1","002-ccrs","dfs_ccrs.jcm","both","mase-events.jsonl","5230","run-2026-05-24T12-07-23-157Z","6419165","1779624730487","http://127.0.1.1:8080/agents/dfs_ccrs_1","http://127.0.1.1:8080/cells/48/49","unknown"
"baseline-vs-ccrs-v1","002-ccrs","dfs_ccrs.jcm","both","mase-events.jsonl","5232","run-2026-05-24T12-07-23-157Z","6419167","1779624730597","http://127.0.1.1:8080/agents/dfs_ccrs_1","http://127.0.1.1:8080/cells/48/50","unknown"
"baseline-vs-ccrs-v1","002-ccrs","dfs_ccrs.jcm","both","mase-events.jsonl","5234","run-2026-05-24T12-07-23-157Z","6419169","1779624730732","http://127.0.1.1:8080/agents/dfs_ccrs_1","http://127.0.1.1:8080/cells/999","unknown"
