"batch_id","run_id","jcm","ccrs_mode","file","line","mase_run_id","archive_id","timestamp","transaction_id","trigger","status","agent","graph","trace_mode","rule_count","error","started_at","finished_at","duration_ms","capture_source"
"baseline-vs-ccrs-v1","001-baseline","dfs_baseline.jcm","none","mase-events.jsonl","4828","run-2026-05-24T11-07-04-892Z","6413454","1779624399387","2488","POST","COMMITTED","dfs_baseline_nesw_1","http://127.0.1.1:8080/cells/0","summary","9",,"1779624399292","1779624399382","90","unknown"
"baseline-vs-ccrs-v1","001-baseline","dfs_baseline.jcm","none","mase-events.jsonl","4830","run-2026-05-24T11-07-04-892Z","6413456","1779624399547","2489","POST","COMMITTED","dfs_baseline_nesw_1","http://127.0.1.1:8080/cells/0/2","summary","9",,"1779624399458","1779624399541","83","unknown"
"baseline-vs-ccrs-v1","001-baseline","dfs_baseline.jcm","none","mase-events.jsonl","4832","run-2026-05-24T11-07-04-892Z","6413458","1779624399703","2490","POST","COMMITTED","dfs_baseline_nesw_1","http://127.0.1.1:8080/cells/1/2","summary","9",,"1779624399609","1779624399698","89","unknown"
"baseline-vs-ccrs-v1","001-baseline","dfs_baseline.jcm","none","mase-events.jsonl","4834","run-2026-05-24T11-07-04-892Z","6413460","1779624399875","2491","POST","COMMITTED","dfs_baseline_nesw_1","http://127.0.1.1:8080/cells/2/2","summary","9",,"1779624399765","1779624399860","95","unknown"
"baseline-vs-ccrs-v1","001-baseline","dfs_baseline.jcm","none","mase-events.jsonl","4836","run-2026-05-24T11-07-04-892Z","6413462","1779624400012","2492","POST","COMMITTED","dfs_baseline_nesw_1","http://127.0.1.1:8080/cells/2/3","summary","9",,"1779624399924","1779624400007","83","unknown"
"baseline-vs-ccrs-v1","001-baseline","dfs_baseline.jcm","none","mase-events.jsonl","4838","run-2026-05-24T11-07-04-892Z","6413464","1779624400155","2493","POST","COMMITTED","dfs_baseline_nesw_1","http://127.0.1.1:8080/cells/2/4","summary","9",,"1779624400067","1779624400151","84","unknown"
"baseline-vs-ccrs-v1","001-baseline","dfs_baseline.jcm","none","mase-events.jsonl","4840","run-2026-05-24T11-07-04-892Z","6413466","1779624400301","2494","POST","COMMITTED","dfs_baseline_nesw_1","http://127.0.1.1:8080/cells/1/4","summary","9",,"1779624400209","1779624400300","91","unknown"
"baseline-vs-ccrs-v1","001-baseline","dfs_baseline.jcm","none","mase-events.jsonl","4842","run-2026-05-24T11-07-04-892Z","6413468","1779624400441","2495","POST","COMMITTED","dfs_baseline_nesw_1","http://127.0.1.1:8080/cells/1/5","summary","9",,"1779624400347","1779624400440","93","unknown"
"baseline-vs-ccrs-v1","001-baseline","dfs_baseline.jcm","none","mase-events.jsonl","4844","run-2026-05-24T11-07-04-892Z","6413470","1779624400574","2496","POST","COMMITTED","dfs_baseline_nesw_1","http://127.0.1.1:8080/cells/1/6","summary","9",,"1779624400487","1779624400574","87","unknown"
"baseline-vs-ccrs-v1","001-baseline","dfs_baseline.jcm","none","mase-events.jsonl","4846","run-2026-05-24T11-07-04-892Z","6413472","1779624400700","2497","POST","COMMITTED","dfs_baseline_nesw_1","http://127.0.1.1:8080/cells/1/7","summary","9",,"1779624400621","1779624400698","77","unknown"
"baseline-vs-ccrs-v1","001-baseline","dfs_baseline.jcm","none","mase-events.jsonl","4848","run-2026-05-24T11-07-04-892Z","6413474","1779624400823","2498","POST","COMMITTED","dfs_baseline_nesw_1","http://127.0.1.1:8080/cells/1/6","summary","9",,"1779624400742","1779624400822","80","unknown"
"baseline-vs-ccrs-v1","001-baseline","dfs_baseline.jcm","none","mase-events.jsonl","4850","run-2026-05-24T11-07-04-892Z","6413476","1779624400949","2499","POST","COMMITTED","dfs_baseline_nesw_1","http://127.0.1.1:8080/cells/2/6","summary","9",,"1779624400865","1779624400945","80","unknown"
"baseline-vs-ccrs-v1","001-baseline","dfs_baseline.jcm","none","mase-events.jsonl","4852","run-2026-05-24T11-07-04-892Z","6413478","1779624401088","2500","POST","COMMITTED","dfs_baseline_nesw_1","http://127.0.1.1:8080/cells/3/6","summary","9",,"1779624400991","1779624401079","88","unknown"
"baseline-vs-ccrs-v1","001-baseline","dfs_baseline.jcm","none","mase-events.jsonl","4854","run-2026-05-24T11-07-04-892Z","6413480","1779624401210","2501","POST","COMMITTED","dfs_baseline_nesw_1","http://127.0.1.1:8080/cells/3/7","summary","9",,"1779624401130","1779624401207","77","unknown"
"baseline-vs-ccrs-v1","001-baseline","dfs_baseline.jcm","none","mase-events.jsonl","4856","run-2026-05-24T11-07-04-892Z","6413482","1779624401333","2502","POST","COMMITTED","dfs_baseline_nesw_1","http://127.0.1.1:8080/cells/3/8","summary","9",,"1779624401249","1779624401330","81","unknown"
"baseline-vs-ccrs-v1","001-baseline","dfs_baseline.jcm","none","mase-events.jsonl","4858","run-2026-05-24T11-07-04-892Z","6413484","1779624401473","2503","POST","COMMITTED","dfs_baseline_nesw_1","http://127.0.1.1:8080/cells/3/9","summary","9",,"1779624401377","1779624401470","93","unknown"
"baseline-vs-ccrs-v1","001-baseline","dfs_baseline.jcm","none","mase-events.jsonl","4860","run-2026-05-24T11-07-04-892Z","6413486","1779624401607","2504","POST","COMMITTED","dfs_baseline_nesw_1","http://127.0.1.1:8080/cells/2/9","summary","9",,"1779624401514","1779624401604","90","unknown"
"baseline-vs-ccrs-v1","001-baseline","dfs_baseline.jcm","none","mase-events.jsonl","4862","run-2026-05-24T11-07-04-892Z","6413488","1779624401744","2505","POST","COMMITTED","dfs_baseline_nesw_1","http://127.0.1.1:8080/cells/2/10","summary","9",,"1779624401650","1779624401742","92","unknown"
"baseline-vs-ccrs-v1","001-baseline","dfs_baseline.jcm","none","mase-events.jsonl","4864","run-2026-05-24T11-07-04-892Z","6413490","1779624401867","2506","POST","COMMITTED","dfs_baseline_nesw_1","http://127.0.1.1:8080/cells/1/10","summary","9",,"1779624401782","1779624401863","81","unknown"
"baseline-vs-ccrs-v1","001-baseline","dfs_baseline.jcm","none","mase-events.jsonl","4866","run-2026-05-24T11-07-04-892Z","6413492","1779624401993","2507","POST","COMMITTED","dfs_baseline_nesw_1","http://127.0.1.1:8080/cells/2/10","summary","9",,"1779624401904","1779624401993","89","unknown"
"baseline-vs-ccrs-v1","001-baseline","dfs_baseline.jcm","none","mase-events.jsonl","4868","run-2026-05-24T11-07-04-892Z","6413494","1779624402130","2508","POST","COMMITTED","dfs_baseline_nesw_1","http://127.0.1.1:8080/cells/2/11","summary","9",,"1779624402035","1779624402128","93","unknown"
"baseline-vs-ccrs-v1","001-baseline","dfs_baseline.jcm","none","mase-events.jsonl","4870","run-2026-05-24T11-07-04-892Z","6413496","1779624402264","2509","POST","COMMITTED","dfs_baseline_nesw_1","http://127.0.1.1:8080/cells/2/10","summary","9",,"1779624402173","1779624402257","84","unknown"
"baseline-vs-ccrs-v1","001-baseline","dfs_baseline.jcm","none","mase-events.jsonl","4872","run-2026-05-24T11-07-04-892Z","6413498","1779624402393","2510","POST","COMMITTED","dfs_baseline_nesw_1","http://127.0.1.1:8080/cells/2/9","summary","9",,"1779624402303","1779624402389","86","unknown"
"baseline-vs-ccrs-v1","001-baseline","dfs_baseline.jcm","none","mase-events.jsonl","4874","run-2026-05-24T11-07-04-892Z","6413500","1779624402508","2511","POST","COMMITTED","dfs_baseline_nesw_1","http://127.0.1.1:8080/cells/3/9","summary","9",,"1779624402430","1779624402507","77","unknown"
"baseline-vs-ccrs-v1","001-baseline","dfs_baseline.jcm","none","mase-events.jsonl","4876","run-2026-05-24T11-07-04-892Z","6413502","1779624402629","2512","POST","COMMITTED","dfs_baseline_nesw_1","http://127.0.1.1:8080/cells/4/9","summary","9",,"1779624402546","1779624402626","80","unknown"
"baseline-vs-ccrs-v1","001-baseline","dfs_baseline.jcm","none","mase-events.jsonl","4878","run-2026-05-24T11-07-04-892Z","6413504","1779624402744","2513","POST","COMMITTED","dfs_baseline_nesw_1","http://127.0.1.1:8080/cells/5/9","summary","9",,"1779624402669","1779624402743","74","unknown"
"baseline-vs-ccrs-v1","001-baseline","dfs_baseline.jcm","none","mase-events.jsonl","4880","run-2026-05-24T11-07-04-892Z","6413506","1779624402889","2514","POST","COMMITTED","dfs_baseline_nesw_1","http://127.0.1.1:8080/cells/6/9","summary","9",,"1779624402787","1779624402880","93","unknown"
"baseline-vs-ccrs-v1","001-baseline","dfs_baseline.jcm","none","mase-events.jsonl","4882","run-2026-05-24T11-07-04-892Z","6413508","1779624402992","2515","POST","COMMITTED","dfs_baseline_nesw_1","http://127.0.1.1:8080/cells/7/9","summary","9",,"1779624402918","1779624402991","73","unknown"
"baseline-vs-ccrs-v1","001-baseline","dfs_baseline.jcm","none","mase-events.jsonl","4884","run-2026-05-24T11-07-04-892Z","6413510","1779624403120","2516","POST","COMMITTED","dfs_baseline_nesw_1","http://127.0.1.1:8080/cells/7/10","summary","9",,"1779624403034","1779624403117","83","unknown"
"baseline-vs-ccrs-v1","001-baseline","dfs_baseline.jcm","none","mase-events.jsonl","4886","run-2026-05-24T11-07-04-892Z","6413512","1779624403240","2517","POST","COMMITTED","dfs_baseline_nesw_1","http://127.0.1.1:8080/cells/7/11","summary","9",,"1779624403154","1779624403237","83","unknown"
"baseline-vs-ccrs-v1","001-baseline","dfs_baseline.jcm","none","mase-events.jsonl","4888","run-2026-05-24T11-07-04-892Z","6413514","1779624403358","2518","POST","COMMITTED","dfs_baseline_nesw_1","http://127.0.1.1:8080/cells/6/11","summary","9",,"1779624403275","1779624403358","83","unknown"
"baseline-vs-ccrs-v1","001-baseline","dfs_baseline.jcm","none","mase-events.jsonl","4890","run-2026-05-24T11-07-04-892Z","6413516","1779624403481","2519","POST","COMMITTED","dfs_baseline_nesw_1","http://127.0.1.1:8080/cells/5/11","summary","9",,"1779624403397","1779624403475","78","unknown"
"baseline-vs-ccrs-v1","001-baseline","dfs_baseline.jcm","none","mase-events.jsonl","4892","run-2026-05-24T11-07-04-892Z","6413518","1779624403606","2520","POST","COMMITTED","dfs_baseline_nesw_1","http://127.0.1.1:8080/cells/4/11","summary","9",,"1779624403517","1779624403604","87","unknown"
"baseline-vs-ccrs-v1","001-baseline","dfs_baseline.jcm","none","mase-events.jsonl","4894","run-2026-05-24T11-07-04-892Z","6413520","1779624403734","2521","POST","COMMITTED","dfs_baseline_nesw_1","http://127.0.1.1:8080/cells/5/11","summary","9",,"1779624403639","1779624403732","93","unknown"
"baseline-vs-ccrs-v1","001-baseline","dfs_baseline.jcm","none","mase-events.jsonl","4896","run-2026-05-24T11-07-04-892Z","6413522","1779624403860","2522","POST","COMMITTED","dfs_baseline_nesw_1","http://127.0.1.1:8080/cells/6/11","summary","9",,"1779624403778","1779624403857","79","unknown"
"baseline-vs-ccrs-v1","001-baseline","dfs_baseline.jcm","none","mase-events.jsonl","4898","run-2026-05-24T11-07-04-892Z","6413524","1779624403985","2523","POST","COMMITTED","dfs_baseline_nesw_1","http://127.0.1.1:8080/cells/7/11","summary","9",,"1779624403895","1779624403984","89","unknown"
"baseline-vs-ccrs-v1","001-baseline","dfs_baseline.jcm","none","mase-events.jsonl","4900","run-2026-05-24T11-07-04-892Z","6413526","1779624404119","2524","POST","COMMITTED","dfs_baseline_nesw_1","http://127.0.1.1:8080/cells/7/12","summary","9",,"1779624404025","1779624404115","90","unknown"
"baseline-vs-ccrs-v1","001-baseline","dfs_baseline.jcm","none","mase-events.jsonl","4902","run-2026-05-24T11-07-04-892Z","6413528","1779624404246","2525","POST","COMMITTED","dfs_baseline_nesw_1","http://127.0.1.1:8080/cells/8/12","summary","9",,"1779624404150","1779624404245","95","unknown"
"baseline-vs-ccrs-v1","001-baseline","dfs_baseline.jcm","none","mase-events.jsonl","4904","run-2026-05-24T11-07-04-892Z","6413530","1779624404369","2526","POST","COMMITTED","dfs_baseline_nesw_1","http://127.0.1.1:8080/cells/8/13","summary","9",,"1779624404285","1779624404364","79","unknown"
"baseline-vs-ccrs-v1","001-baseline","dfs_baseline.jcm","none","mase-events.jsonl","4906","run-2026-05-24T11-07-04-892Z","6413532","1779624404502","2527","POST","COMMITTED","dfs_baseline_nesw_1","http://127.0.1.1:8080/cells/8/14","summary","9",,"1779624404406","1779624404498","92","unknown"
"baseline-vs-ccrs-v1","001-baseline","dfs_baseline.jcm","none","mase-events.jsonl","4908","run-2026-05-24T11-07-04-892Z","6413534","1779624404628","2528","POST","COMMITTED","dfs_baseline_nesw_1","http://127.0.1.1:8080/cells/7/14","summary","9",,"1779624404534","1779624404627","93","unknown"
"baseline-vs-ccrs-v1","001-baseline","dfs_baseline.jcm","none","mase-events.jsonl","4910","run-2026-05-24T11-07-04-892Z","6413536","1779624404762","2529","POST","COMMITTED","dfs_baseline_nesw_1","http://127.0.1.1:8080/cells/6/14","summary","9",,"1779624404665","1779624404757","92","unknown"
"baseline-vs-ccrs-v1","001-baseline","dfs_baseline.jcm","none","mase-events.jsonl","4912","run-2026-05-24T11-07-04-892Z","6413538","1779624404891","2530","POST","COMMITTED","dfs_baseline_nesw_1","http://127.0.1.1:8080/cells/5/14","summary","9",,"1779624404798","1779624404889","91","unknown"
"baseline-vs-ccrs-v1","001-baseline","dfs_baseline.jcm","none","mase-events.jsonl","4914","run-2026-05-24T11-07-04-892Z","6413540","1779624405014","2531","POST","COMMITTED","dfs_baseline_nesw_1","http://127.0.1.1:8080/cells/5/13","summary","9",,"1779624404928","1779624405007","79","unknown"
"baseline-vs-ccrs-v1","001-baseline","dfs_baseline.jcm","none","mase-events.jsonl","4916","run-2026-05-24T11-07-04-892Z","6413542","1779624405140","2532","POST","COMMITTED","dfs_baseline_nesw_1","http://127.0.1.1:8080/cells/5/14","summary","9",,"1779624405051","1779624405140","89","unknown"
"baseline-vs-ccrs-v1","001-baseline","dfs_baseline.jcm","none","mase-events.jsonl","4918","run-2026-05-24T11-07-04-892Z","6413544","1779624405264","2533","POST","COMMITTED","dfs_baseline_nesw_1","http://127.0.1.1:8080/cells/6/14","summary","9",,"1779624405177","1779624405261","84","unknown"
"baseline-vs-ccrs-v1","001-baseline","dfs_baseline.jcm","none","mase-events.jsonl","4920","run-2026-05-24T11-07-04-892Z","6413546","1779624405387","2534","POST","COMMITTED","dfs_baseline_nesw_1","http://127.0.1.1:8080/cells/7/14","summary","9",,"1779624405301","1779624405385","84","unknown"
"baseline-vs-ccrs-v1","001-baseline","dfs_baseline.jcm","none","mase-events.jsonl","4922","run-2026-05-24T11-07-04-892Z","6413548","1779624405509","2535","POST","COMMITTED","dfs_baseline_nesw_1","http://127.0.1.1:8080/cells/8/14","summary","9",,"1779624405423","1779624405509","86","unknown"
"baseline-vs-ccrs-v1","001-baseline","dfs_baseline.jcm","none","mase-events.jsonl","4924","run-2026-05-24T11-07-04-892Z","6413550","1779624405628","2536","POST","COMMITTED","dfs_baseline_nesw_1","http://127.0.1.1:8080/cells/8/15","summary","9",,"1779624405545","1779624405625","80","unknown"
"baseline-vs-ccrs-v1","001-baseline","dfs_baseline.jcm","none","mase-events.jsonl","4926","run-2026-05-24T11-07-04-892Z","6413552","1779624405741","2537","POST","COMMITTED","dfs_baseline_nesw_1","http://127.0.1.1:8080/cells/9/15","summary","9",,"1779624405662","1779624405741","79","unknown"
"baseline-vs-ccrs-v1","001-baseline","dfs_baseline.jcm","none","mase-events.jsonl","4928","run-2026-05-24T11-07-04-892Z","6413554","1779624405864","2538","POST","COMMITTED","dfs_baseline_nesw_1","http://127.0.1.1:8080/cells/9/16","summary","9",,"1779624405782","1779624405862","80","unknown"
"baseline-vs-ccrs-v1","001-baseline","dfs_baseline.jcm","none","mase-events.jsonl","4930","run-2026-05-24T11-07-04-892Z","6413556","1779624405987","2539","POST","COMMITTED","dfs_baseline_nesw_1","http://127.0.1.1:8080/cells/9/17","summary","9",,"1779624405904","1779624405980","76","unknown"
"baseline-vs-ccrs-v1","001-baseline","dfs_baseline.jcm","none","mase-events.jsonl","4932","run-2026-05-24T11-07-04-892Z","6413558","1779624406112","2540","POST","COMMITTED","dfs_baseline_nesw_1","http://127.0.1.1:8080/cells/8/17","summary","9",,"1779624406017","1779624406111","94","unknown"
"baseline-vs-ccrs-v1","001-baseline","dfs_baseline.jcm","none","mase-events.jsonl","4934","run-2026-05-24T11-07-04-892Z","6413560","1779624406233","2541","POST","COMMITTED","dfs_baseline_nesw_1","http://127.0.1.1:8080/cells/7/17","summary","9",,"1779624406146","1779624406229","83","unknown"
"baseline-vs-ccrs-v1","001-baseline","dfs_baseline.jcm","none","mase-events.jsonl","4936","run-2026-05-24T11-07-04-892Z","6413562","1779624406359","2542","POST","COMMITTED","dfs_baseline_nesw_1","http://127.0.1.1:8080/cells/6/17","summary","9",,"1779624406265","1779624406356","91","unknown"
"baseline-vs-ccrs-v1","001-baseline","dfs_baseline.jcm","none","mase-events.jsonl","4938","run-2026-05-24T11-07-04-892Z","6413564","1779624406492","2543","POST","COMMITTED","dfs_baseline_nesw_1","http://127.0.1.1:8080/cells/5/17","summary","9",,"1779624406401","1779624406491","90","unknown"
"baseline-vs-ccrs-v1","001-baseline","dfs_baseline.jcm","none","mase-events.jsonl","4940","run-2026-05-24T11-07-04-892Z","6413566","1779624406614","2544","POST","COMMITTED","dfs_baseline_nesw_1","http://127.0.1.1:8080/cells/4/17","summary","9",,"1779624406530","1779624406612","82","unknown"
"baseline-vs-ccrs-v1","001-baseline","dfs_baseline.jcm","none","mase-events.jsonl","4942","run-2026-05-24T11-07-04-892Z","6413568","1779624406728","2545","POST","COMMITTED","dfs_baseline_nesw_1","http://127.0.1.1:8080/cells/3/17","summary","9",,"1779624406648","1779624406727","79","unknown"
"baseline-vs-ccrs-v1","001-baseline","dfs_baseline.jcm","none","mase-events.jsonl","4944","run-2026-05-24T11-07-04-892Z","6413570","1779624406856","2546","POST","COMMITTED","dfs_baseline_nesw_1","http://127.0.1.1:8080/cells/3/16","summary","9",,"1779624406764","1779624406853","89","unknown"
"baseline-vs-ccrs-v1","001-baseline","dfs_baseline.jcm","none","mase-events.jsonl","4946","run-2026-05-24T11-07-04-892Z","6413572","1779624406980","2547","POST","COMMITTED","dfs_baseline_nesw_1","http://127.0.1.1:8080/cells/2/16","summary","9",,"1779624406890","1779624406977","87","unknown"
"baseline-vs-ccrs-v1","001-baseline","dfs_baseline.jcm","none","mase-events.jsonl","4948","run-2026-05-24T11-07-04-892Z","6413574","1779624407095","2548","POST","COMMITTED","dfs_baseline_nesw_1","http://127.0.1.1:8080/cells/1/16","summary","9",,"1779624407014","1779624407095","81","unknown"
"baseline-vs-ccrs-v1","001-baseline","dfs_baseline.jcm","none","mase-events.jsonl","4950","run-2026-05-24T11-07-04-892Z","6413576","1779624407225","2549","POST","COMMITTED","dfs_baseline_nesw_1","http://127.0.1.1:8080/cells/2/16","summary","9",,"1779624407135","1779624407224","89","unknown"
"baseline-vs-ccrs-v1","001-baseline","dfs_baseline.jcm","none","mase-events.jsonl","4952","run-2026-05-24T11-07-04-892Z","6413578","1779624407353","2550","POST","COMMITTED","dfs_baseline_nesw_1","http://127.0.1.1:8080/cells/3/16","summary","9",,"1779624407262","1779624407349","87","unknown"
"baseline-vs-ccrs-v1","001-baseline","dfs_baseline.jcm","none","mase-events.jsonl","4954","run-2026-05-24T11-07-04-892Z","6413580","1779624407481","2551","POST","COMMITTED","dfs_baseline_nesw_1","http://127.0.1.1:8080/cells/3/15","summary","9",,"1779624407392","1779624407481","89","unknown"
"baseline-vs-ccrs-v1","001-baseline","dfs_baseline.jcm","none","mase-events.jsonl","4956","run-2026-05-24T11-07-04-892Z","6413582","1779624407606","2552","POST","COMMITTED","dfs_baseline_nesw_1","http://127.0.1.1:8080/cells/3/14","summary","9",,"1779624407522","1779624407603","81","unknown"
"baseline-vs-ccrs-v1","001-baseline","dfs_baseline.jcm","none","mase-events.jsonl","4958","run-2026-05-24T11-07-04-892Z","6413584","1779624407730","2553","POST","COMMITTED","dfs_baseline_nesw_1","http://127.0.1.1:8080/cells/2/14","summary","9",,"1779624407646","1779624407728","82","unknown"
"baseline-vs-ccrs-v1","001-baseline","dfs_baseline.jcm","none","mase-events.jsonl","4960","run-2026-05-24T11-07-04-892Z","6413586","1779624407855","2554","POST","COMMITTED","dfs_baseline_nesw_1","http://127.0.1.1:8080/cells/1/14","summary","9",,"1779624407765","1779624407853","88","unknown"
"baseline-vs-ccrs-v1","001-baseline","dfs_baseline.jcm","none","mase-events.jsonl","4962","run-2026-05-24T11-07-04-892Z","6413588","1779624407972","2555","POST","COMMITTED","dfs_baseline_nesw_1","http://127.0.1.1:8080/cells/1/13","summary","9",,"1779624407892","1779624407965","73","unknown"
"baseline-vs-ccrs-v1","001-baseline","dfs_baseline.jcm","none","mase-events.jsonl","4964","run-2026-05-24T11-07-04-892Z","6413590","1779624408082","2556","POST","COMMITTED","dfs_baseline_nesw_1","http://127.0.1.1:8080/cells/1/14","summary","9",,"1779624407998","1779624408077","79","unknown"
"baseline-vs-ccrs-v1","001-baseline","dfs_baseline.jcm","none","mase-events.jsonl","4966","run-2026-05-24T11-07-04-892Z","6413592","1779624408199","2557","POST","COMMITTED","dfs_baseline_nesw_1","http://127.0.1.1:8080/cells/2/14","summary","9",,"1779624408115","1779624408194","79","unknown"
"baseline-vs-ccrs-v1","001-baseline","dfs_baseline.jcm","none","mase-events.jsonl","4968","run-2026-05-24T11-07-04-892Z","6413594","1779624408320","2558","POST","COMMITTED","dfs_baseline_nesw_1","http://127.0.1.1:8080/cells/3/14","summary","9",,"1779624408228","1779624408319","91","unknown"
"baseline-vs-ccrs-v1","001-baseline","dfs_baseline.jcm","none","mase-events.jsonl","4970","run-2026-05-24T11-07-04-892Z","6413596","1779624408446","2559","POST","COMMITTED","dfs_baseline_nesw_1","http://127.0.1.1:8080/cells/3/13","summary","9",,"1779624408354","1779624408445","91","unknown"
"baseline-vs-ccrs-v1","001-baseline","dfs_baseline.jcm","none","mase-events.jsonl","4972","run-2026-05-24T11-07-04-892Z","6413598","1779624408563","2560","POST","COMMITTED","dfs_baseline_nesw_1","http://127.0.1.1:8080/cells/3/14","summary","9",,"1779624408479","1779624408562","83","unknown"
"baseline-vs-ccrs-v1","001-baseline","dfs_baseline.jcm","none","mase-events.jsonl","4974","run-2026-05-24T11-07-04-892Z","6413600","1779624408688","2561","POST","COMMITTED","dfs_baseline_nesw_1","http://127.0.1.1:8080/cells/3/15","summary","9",,"1779624408596","1779624408684","88","unknown"
"baseline-vs-ccrs-v1","001-baseline","dfs_baseline.jcm","none","mase-events.jsonl","4976","run-2026-05-24T11-07-04-892Z","6413602","1779624408815","2562","POST","COMMITTED","dfs_baseline_nesw_1","http://127.0.1.1:8080/cells/3/16","summary","9",,"1779624408722","1779624408812","90","unknown"
"baseline-vs-ccrs-v1","001-baseline","dfs_baseline.jcm","none","mase-events.jsonl","4978","run-2026-05-24T11-07-04-892Z","6413604","1779624408944","2563","POST","COMMITTED","dfs_baseline_nesw_1","http://127.0.1.1:8080/cells/3/17","summary","9",,"1779624408850","1779624408943","93","unknown"
"baseline-vs-ccrs-v1","001-baseline","dfs_baseline.jcm","none","mase-events.jsonl","4980","run-2026-05-24T11-07-04-892Z","6413606","1779624409061","2564","POST","COMMITTED","dfs_baseline_nesw_1","http://127.0.1.1:8080/cells/4/17","summary","9",,"1779624408979","1779624409059","80","unknown"
"baseline-vs-ccrs-v1","001-baseline","dfs_baseline.jcm","none","mase-events.jsonl","4982","run-2026-05-24T11-07-04-892Z","6413608","1779624409193","2565","POST","COMMITTED","dfs_baseline_nesw_1","http://127.0.1.1:8080/cells/5/17","summary","9",,"1779624409100","1779624409190","90","unknown"
"baseline-vs-ccrs-v1","001-baseline","dfs_baseline.jcm","none","mase-events.jsonl","4984","run-2026-05-24T11-07-04-892Z","6413610","1779624409314","2566","POST","COMMITTED","dfs_baseline_nesw_1","http://127.0.1.1:8080/cells/5/18","summary","9",,"1779624409226","1779624409308","82","unknown"
"baseline-vs-ccrs-v1","001-baseline","dfs_baseline.jcm","none","mase-events.jsonl","4986","run-2026-05-24T11-07-04-892Z","6413612","1779624409440","2567","POST","COMMITTED","dfs_baseline_nesw_1","http://127.0.1.1:8080/cells/5/19","summary","9",,"1779624409344","1779624409440","96","unknown"
"baseline-vs-ccrs-v1","001-baseline","dfs_baseline.jcm","none","mase-events.jsonl","4988","run-2026-05-24T11-07-04-892Z","6413614","1779624409573","2568","POST","COMMITTED","dfs_baseline_nesw_1","http://127.0.1.1:8080/cells/4/19","summary","9",,"1779624409477","1779624409570","93","unknown"
"baseline-vs-ccrs-v1","001-baseline","dfs_baseline.jcm","none","mase-events.jsonl","4990","run-2026-05-24T11-07-04-892Z","6413616","1779624409693","2569","POST","COMMITTED","dfs_baseline_nesw_1","http://127.0.1.1:8080/cells/5/19","summary","9",,"1779624409606","1779624409690","84","unknown"
"baseline-vs-ccrs-v1","001-baseline","dfs_baseline.jcm","none","mase-events.jsonl","4992","run-2026-05-24T11-07-04-892Z","6413618","1779624409821","2570","POST","COMMITTED","dfs_baseline_nesw_1","http://127.0.1.1:8080/cells/5/18","summary","9",,"1779624409729","1779624409818","89","unknown"
"baseline-vs-ccrs-v1","001-baseline","dfs_baseline.jcm","none","mase-events.jsonl","4994","run-2026-05-24T11-07-04-892Z","6413620","1779624409937","2571","POST","COMMITTED","dfs_baseline_nesw_1","http://127.0.1.1:8080/cells/5/17","summary","9",,"1779624409853","1779624409933","80","unknown"
"baseline-vs-ccrs-v1","001-baseline","dfs_baseline.jcm","none","mase-events.jsonl","4996","run-2026-05-24T11-07-04-892Z","6413622","1779624410056","2572","POST","COMMITTED","dfs_baseline_nesw_1","http://127.0.1.1:8080/cells/6/17","summary","9",,"1779624409969","1779624410055","86","unknown"
"baseline-vs-ccrs-v1","001-baseline","dfs_baseline.jcm","none","mase-events.jsonl","4998","run-2026-05-24T11-07-04-892Z","6413624","1779624410179","2573","POST","COMMITTED","dfs_baseline_nesw_1","http://127.0.1.1:8080/cells/6/16","summary","9",,"1779624410094","1779624410179","85","unknown"
"baseline-vs-ccrs-v1","001-baseline","dfs_baseline.jcm","none","mase-events.jsonl","5000","run-2026-05-24T11-07-04-892Z","6413626","1779624410298","2574","POST","COMMITTED","dfs_baseline_nesw_1","http://127.0.1.1:8080/cells/6/17","summary","9",,"1779624410214","1779624410296","82","unknown"
"baseline-vs-ccrs-v1","001-baseline","dfs_baseline.jcm","none","mase-events.jsonl","5002","run-2026-05-24T11-07-04-892Z","6413628","1779624410419","2575","POST","COMMITTED","dfs_baseline_nesw_1","http://127.0.1.1:8080/cells/7/17","summary","9",,"1779624410333","1779624410417","84","unknown"
"baseline-vs-ccrs-v1","001-baseline","dfs_baseline.jcm","none","mase-events.jsonl","5004","run-2026-05-24T11-07-04-892Z","6413630","1779624410531","2576","POST","COMMITTED","dfs_baseline_nesw_1","http://127.0.1.1:8080/cells/8/17","summary","9",,"1779624410448","1779624410525","77","unknown"
"baseline-vs-ccrs-v1","001-baseline","dfs_baseline.jcm","none","mase-events.jsonl","5006","run-2026-05-24T11-07-04-892Z","6413632","1779624410654","2577","POST","COMMITTED","dfs_baseline_nesw_1","http://127.0.1.1:8080/cells/9/17","summary","9",,"1779624410564","1779624410651","87","unknown"
"baseline-vs-ccrs-v1","001-baseline","dfs_baseline.jcm","none","mase-events.jsonl","5008","run-2026-05-24T11-07-04-892Z","6413634","1779624410779","2578","POST","COMMITTED","dfs_baseline_nesw_1","http://127.0.1.1:8080/cells/10/17","summary","9",,"1779624410685","1779624410777","92","unknown"
"baseline-vs-ccrs-v1","001-baseline","dfs_baseline.jcm","none","mase-events.jsonl","5010","run-2026-05-24T11-07-04-892Z","6413636","1779624410900","2579","POST","COMMITTED","dfs_baseline_nesw_1","http://127.0.1.1:8080/cells/11/17","summary","9",,"1779624410810","1779624410897","87","unknown"
"baseline-vs-ccrs-v1","001-baseline","dfs_baseline.jcm","none","mase-events.jsonl","5012","run-2026-05-24T11-07-04-892Z","6413638","1779624411016","2580","POST","COMMITTED","dfs_baseline_nesw_1","http://127.0.1.1:8080/cells/11/18","summary","9",,"1779624410934","1779624411014","80","unknown"
"baseline-vs-ccrs-v1","001-baseline","dfs_baseline.jcm","none","mase-events.jsonl","5014","run-2026-05-24T11-07-04-892Z","6413640","1779624411130","2581","POST","COMMITTED","dfs_baseline_nesw_1","http://127.0.1.1:8080/cells/12/18","summary","9",,"1779624411047","1779624411129","82","unknown"
"baseline-vs-ccrs-v1","001-baseline","dfs_baseline.jcm","none","mase-events.jsonl","5016","run-2026-05-24T11-07-04-892Z","6413642","1779624411258","2582","POST","COMMITTED","dfs_baseline_nesw_1","http://127.0.1.1:8080/cells/13/18","summary","9",,"1779624411167","1779624411254","87","unknown"
"baseline-vs-ccrs-v1","001-baseline","dfs_baseline.jcm","none","mase-events.jsonl","5018","run-2026-05-24T11-07-04-892Z","6413644","1779624411376","2583","POST","COMMITTED","dfs_baseline_nesw_1","http://127.0.1.1:8080/cells/13/17","summary","9",,"1779624411290","1779624411376","86","unknown"
"baseline-vs-ccrs-v1","001-baseline","dfs_baseline.jcm","none","mase-events.jsonl","5020","run-2026-05-24T11-07-04-892Z","6413646","1779624411508","2584","POST","COMMITTED","dfs_baseline_nesw_1","http://127.0.1.1:8080/cells/13/16","summary","9",,"1779624411411","1779624411499","88","unknown"
"baseline-vs-ccrs-v1","001-baseline","dfs_baseline.jcm","none","mase-events.jsonl","5022","run-2026-05-24T11-07-04-892Z","6413648","1779624411623","2585","POST","COMMITTED","dfs_baseline_nesw_1","http://127.0.1.1:8080/cells/13/17","summary","9",,"1779624411541","1779624411622","81","unknown"
"baseline-vs-ccrs-v1","001-baseline","dfs_baseline.jcm","none","mase-events.jsonl","5024","run-2026-05-24T11-07-04-892Z","6413650","1779624411748","2586","POST","COMMITTED","dfs_baseline_nesw_1","http://127.0.1.1:8080/cells/13/18","summary","9",,"1779624411655","1779624411743","88","unknown"
"baseline-vs-ccrs-v1","001-baseline","dfs_baseline.jcm","none","mase-events.jsonl","5026","run-2026-05-24T11-07-04-892Z","6413652","1779624411866","2587","POST","COMMITTED","dfs_baseline_nesw_1","http://127.0.1.1:8080/cells/12/18","summary","9",,"1779624411780","1779624411865","85","unknown"
"baseline-vs-ccrs-v1","001-baseline","dfs_baseline.jcm","none","mase-events.jsonl","5028","run-2026-05-24T11-07-04-892Z","6413654","1779624411989","2588","POST","COMMITTED","dfs_baseline_nesw_1","http://127.0.1.1:8080/cells/11/18","summary","9",,"1779624411901","1779624411989","88","unknown"
"baseline-vs-ccrs-v1","001-baseline","dfs_baseline.jcm","none","mase-events.jsonl","5030","run-2026-05-24T11-07-04-892Z","6413656","1779624412124","2589","POST","COMMITTED","dfs_baseline_nesw_1","http://127.0.1.1:8080/cells/11/17","summary","9",,"1779624412032","1779624412122","90","unknown"
"baseline-vs-ccrs-v1","001-baseline","dfs_baseline.jcm","none","mase-events.jsonl","5032","run-2026-05-24T11-07-04-892Z","6413658","1779624412255","2590","POST","COMMITTED","dfs_baseline_nesw_1","http://127.0.1.1:8080/cells/11/16","summary","9",,"1779624412164","1779624412253","89","unknown"
"baseline-vs-ccrs-v1","001-baseline","dfs_baseline.jcm","none","mase-events.jsonl","5034","run-2026-05-24T11-07-04-892Z","6413660","1779624412374","2591","POST","COMMITTED","dfs_baseline_nesw_1","http://127.0.1.1:8080/cells/11/17","summary","9",,"1779624412287","1779624412369","82","unknown"
"baseline-vs-ccrs-v1","001-baseline","dfs_baseline.jcm","none","mase-events.jsonl","5036","run-2026-05-24T11-07-04-892Z","6413662","1779624412498","2592","POST","COMMITTED","dfs_baseline_nesw_1","http://127.0.1.1:8080/cells/10/17","summary","9",,"1779624412410","1779624412498","88","unknown"
"baseline-vs-ccrs-v1","001-baseline","dfs_baseline.jcm","none","mase-events.jsonl","5038","run-2026-05-24T11-07-04-892Z","6413664","1779624412613","2593","POST","COMMITTED","dfs_baseline_nesw_1","http://127.0.1.1:8080/cells/9/17","summary","9",,"1779624412534","1779624412613","79","unknown"
"baseline-vs-ccrs-v1","001-baseline","dfs_baseline.jcm","none","mase-events.jsonl","5040","run-2026-05-24T11-07-04-892Z","6413666","1779624412732","2594","POST","COMMITTED","dfs_baseline_nesw_1","http://127.0.1.1:8080/cells/9/16","summary","9",,"1779624412647","1779624412731","84","unknown"
"baseline-vs-ccrs-v1","001-baseline","dfs_baseline.jcm","none","mase-events.jsonl","5042","run-2026-05-24T11-07-04-892Z","6413668","1779624412850","2595","POST","COMMITTED","dfs_baseline_nesw_1","http://127.0.1.1:8080/cells/9/15","summary","9",,"1779624412765","1779624412847","82","unknown"
"baseline-vs-ccrs-v1","001-baseline","dfs_baseline.jcm","none","mase-events.jsonl","5044","run-2026-05-24T11-07-04-892Z","6413670","1779624412970","2596","POST","COMMITTED","dfs_baseline_nesw_1","http://127.0.1.1:8080/cells/8/15","summary","9",,"1779624412882","1779624412965","83","unknown"
"baseline-vs-ccrs-v1","001-baseline","dfs_baseline.jcm","none","mase-events.jsonl","5046","run-2026-05-24T11-07-04-892Z","6413672","1779624413107","2597","POST","COMMITTED","dfs_baseline_nesw_1","http://127.0.1.1:8080/cells/8/14","summary","9",,"1779624413006","1779624413103","97","unknown"
"baseline-vs-ccrs-v1","001-baseline","dfs_baseline.jcm","none","mase-events.jsonl","5048","run-2026-05-24T11-07-04-892Z","6413674","1779624413227","2598","POST","COMMITTED","dfs_baseline_nesw_1","http://127.0.1.1:8080/cells/8/13","summary","9",,"1779624413136","1779624413226","90","unknown"
"baseline-vs-ccrs-v1","001-baseline","dfs_baseline.jcm","none","mase-events.jsonl","5050","run-2026-05-24T11-07-04-892Z","6413676","1779624413348","2599","POST","COMMITTED","dfs_baseline_nesw_1","http://127.0.1.1:8080/cells/9/13","summary","9",,"1779624413259","1779624413347","88","unknown"
"baseline-vs-ccrs-v1","001-baseline","dfs_baseline.jcm","none","mase-events.jsonl","5052","run-2026-05-24T11-07-04-892Z","6413678","1779624413463","2600","POST","COMMITTED","dfs_baseline_nesw_1","http://127.0.1.1:8080/cells/10/13","summary","9",,"1779624413386","1779624413459","73","unknown"
"baseline-vs-ccrs-v1","001-baseline","dfs_baseline.jcm","none","mase-events.jsonl","5054","run-2026-05-24T11-07-04-892Z","6413680","1779624413592","2601","POST","COMMITTED","dfs_baseline_nesw_1","http://127.0.1.1:8080/cells/9/13","summary","9",,"1779624413495","1779624413585","90","unknown"
"baseline-vs-ccrs-v1","001-baseline","dfs_baseline.jcm","none","mase-events.jsonl","5056","run-2026-05-24T11-07-04-892Z","6413682","1779624413719","2602","POST","COMMITTED","dfs_baseline_nesw_1","http://127.0.1.1:8080/cells/8/13","summary","9",,"1779624413622","1779624413715","93","unknown"
"baseline-vs-ccrs-v1","001-baseline","dfs_baseline.jcm","none","mase-events.jsonl","5058","run-2026-05-24T11-07-04-892Z","6413684","1779624413861","2603","POST","COMMITTED","dfs_baseline_nesw_1","http://127.0.1.1:8080/cells/8/12","summary","9",,"1779624413755","1779624413854","99","unknown"
"baseline-vs-ccrs-v1","001-baseline","dfs_baseline.jcm","none","mase-events.jsonl","5060","run-2026-05-24T11-07-04-892Z","6413686","1779624413983","2604","POST","COMMITTED","dfs_baseline_nesw_1","http://127.0.1.1:8080/cells/7/12","summary","9",,"1779624413887","1779624413983","96","unknown"
"baseline-vs-ccrs-v1","001-baseline","dfs_baseline.jcm","none","mase-events.jsonl","5062","run-2026-05-24T11-07-04-892Z","6413688","1779624414106","2605","POST","COMMITTED","dfs_baseline_nesw_1","http://127.0.1.1:8080/cells/7/11","summary","9",,"1779624414021","1779624414103","82","unknown"
"baseline-vs-ccrs-v1","001-baseline","dfs_baseline.jcm","none","mase-events.jsonl","5064","run-2026-05-24T11-07-04-892Z","6413690","1779624414234","2606","POST","COMMITTED","dfs_baseline_nesw_1","http://127.0.1.1:8080/cells/7/10","summary","9",,"1779624414138","1779624414234","96","unknown"
"baseline-vs-ccrs-v1","001-baseline","dfs_baseline.jcm","none","mase-events.jsonl","5066","run-2026-05-24T11-07-04-892Z","6413692","1779624414351","2607","POST","COMMITTED","dfs_baseline_nesw_1","http://127.0.1.1:8080/cells/8/10","summary","9",,"1779624414275","1779624414349","74","unknown"
"baseline-vs-ccrs-v1","001-baseline","dfs_baseline.jcm","none","mase-events.jsonl","5068","run-2026-05-24T11-07-04-892Z","6413694","1779624414465","2608","POST","COMMITTED","dfs_baseline_nesw_1","http://127.0.1.1:8080/cells/7/10","summary","9",,"1779624414387","1779624414460","73","unknown"
"baseline-vs-ccrs-v1","001-baseline","dfs_baseline.jcm","none","mase-events.jsonl","5070","run-2026-05-24T11-07-04-892Z","6413696","1779624414593","2609","POST","COMMITTED","dfs_baseline_nesw_1","http://127.0.1.1:8080/cells/7/9","summary","9",,"1779624414504","1779624414589","85","unknown"
"baseline-vs-ccrs-v1","001-baseline","dfs_baseline.jcm","none","mase-events.jsonl","5072","run-2026-05-24T11-07-04-892Z","6413698","1779624414712","2610","POST","COMMITTED","dfs_baseline_nesw_1","http://127.0.1.1:8080/cells/7/8","summary","9",,"1779624414622","1779624414708","86","unknown"
"baseline-vs-ccrs-v1","001-baseline","dfs_baseline.jcm","none","mase-events.jsonl","5074","run-2026-05-24T11-07-04-892Z","6413700","1779624414832","2611","POST","COMMITTED","dfs_baseline_nesw_1","http://127.0.1.1:8080/cells/8/8","summary","9",,"1779624414742","1779624414830","88","unknown"
"baseline-vs-ccrs-v1","001-baseline","dfs_baseline.jcm","none","mase-events.jsonl","5076","run-2026-05-24T11-07-04-892Z","6413702","1779624414958","2612","POST","COMMITTED","dfs_baseline_nesw_1","http://127.0.1.1:8080/cells/8/7","summary","9",,"1779624414866","1779624414956","90","unknown"
"baseline-vs-ccrs-v1","001-baseline","dfs_baseline.jcm","none","mase-events.jsonl","5078","run-2026-05-24T11-07-04-892Z","6413704","1779624415097","2613","POST","COMMITTED","dfs_baseline_nesw_1","http://127.0.1.1:8080/cells/8/6","summary","9",,"1779624414995","1779624415087","92","unknown"
"baseline-vs-ccrs-v1","001-baseline","dfs_baseline.jcm","none","mase-events.jsonl","5080","run-2026-05-24T11-07-04-892Z","6413706","1779624415216","2614","POST","COMMITTED","dfs_baseline_nesw_1","http://127.0.1.1:8080/cells/7/6","summary","9",,"1779624415125","1779624415214","89","unknown"
"baseline-vs-ccrs-v1","001-baseline","dfs_baseline.jcm","none","mase-events.jsonl","5082","run-2026-05-24T11-07-04-892Z","6413708","1779624415349","2615","POST","COMMITTED","dfs_baseline_nesw_1","http://127.0.1.1:8080/cells/8/6","summary","9",,"1779624415251","1779624415333","82","unknown"
"baseline-vs-ccrs-v1","001-baseline","dfs_baseline.jcm","none","mase-events.jsonl","5084","run-2026-05-24T11-07-04-892Z","6413710","1779624415473","2616","POST","COMMITTED","dfs_baseline_nesw_1","http://127.0.1.1:8080/cells/9/6","summary","9",,"1779624415381","1779624415468","87","unknown"
"baseline-vs-ccrs-v1","001-baseline","dfs_baseline.jcm","none","mase-events.jsonl","5086","run-2026-05-24T11-07-04-892Z","6413712","1779624415593","2617","POST","COMMITTED","dfs_baseline_nesw_1","http://127.0.1.1:8080/cells/10/6","summary","9",,"1779624415503","1779624415583","80","unknown"
"baseline-vs-ccrs-v1","001-baseline","dfs_baseline.jcm","none","mase-events.jsonl","5088","run-2026-05-24T11-07-04-892Z","6413714","1779624415710","2618","POST","COMMITTED","dfs_baseline_nesw_1","http://127.0.1.1:8080/cells/11/6","summary","9",,"1779624415619","1779624415702","83","unknown"
"baseline-vs-ccrs-v1","001-baseline","dfs_baseline.jcm","none","mase-events.jsonl","5090","run-2026-05-24T11-07-04-892Z","6413716","1779624415834","2619","POST","COMMITTED","dfs_baseline_nesw_1","http://127.0.1.1:8080/cells/11/7","summary","9",,"1779624415737","1779624415834","97","unknown"
"baseline-vs-ccrs-v1","001-baseline","dfs_baseline.jcm","none","mase-events.jsonl","5092","run-2026-05-24T11-07-04-892Z","6413718","1779624415976","2620","POST","COMMITTED","dfs_baseline_nesw_1","http://127.0.1.1:8080/cells/11/8","summary","9",,"1779624415866","1779624415955","89","unknown"
"baseline-vs-ccrs-v1","001-baseline","dfs_baseline.jcm","none","mase-events.jsonl","5094","run-2026-05-24T11-07-04-892Z","6413720","1779624416111","2621","POST","COMMITTED","dfs_baseline_nesw_1","http://127.0.1.1:8080/cells/11/9","summary","9",,"1779624416012","1779624416105","93","unknown"
"baseline-vs-ccrs-v1","001-baseline","dfs_baseline.jcm","none","mase-events.jsonl","5096","run-2026-05-24T11-07-04-892Z","6413722","1779624416243","2622","POST","COMMITTED","dfs_baseline_nesw_1","http://127.0.1.1:8080/cells/10/9","summary","9",,"1779624416143","1779624416242","99","unknown"
"baseline-vs-ccrs-v1","001-baseline","dfs_baseline.jcm","none","mase-events.jsonl","5098","run-2026-05-24T11-07-04-892Z","6413724","1779624416364","2623","POST","COMMITTED","dfs_baseline_nesw_1","http://127.0.1.1:8080/cells/11/9","summary","9",,"1779624416275","1779624416364","89","unknown"
"baseline-vs-ccrs-v1","001-baseline","dfs_baseline.jcm","none","mase-events.jsonl","5100","run-2026-05-24T11-07-04-892Z","6413726","1779624416490","2624","POST","COMMITTED","dfs_baseline_nesw_1","http://127.0.1.1:8080/cells/11/10","summary","9",,"1779624416400","1779624416490","90","unknown"
"baseline-vs-ccrs-v1","001-baseline","dfs_baseline.jcm","none","mase-events.jsonl","5102","run-2026-05-24T11-07-04-892Z","6413728","1779624416635","2625","POST","COMMITTED","dfs_baseline_nesw_1","http://127.0.1.1:8080/cells/11/11","summary","9",,"1779624416535","1779624416632","97","unknown"
"baseline-vs-ccrs-v1","001-baseline","dfs_baseline.jcm","none","mase-events.jsonl","5104","run-2026-05-24T11-07-04-892Z","6413730","1779624416754","2626","POST","COMMITTED","dfs_baseline_nesw_1","http://127.0.1.1:8080/cells/10/11","summary","9",,"1779624416666","1779624416749","83","unknown"
"baseline-vs-ccrs-v1","001-baseline","dfs_baseline.jcm","none","mase-events.jsonl","5106","run-2026-05-24T11-07-04-892Z","6413732","1779624416867","2627","POST","COMMITTED","dfs_baseline_nesw_1","http://127.0.1.1:8080/cells/11/11","summary","9",,"1779624416785","1779624416865","80","unknown"
"baseline-vs-ccrs-v1","001-baseline","dfs_baseline.jcm","none","mase-events.jsonl","5108","run-2026-05-24T11-07-04-892Z","6413734","1779624416982","2628","POST","COMMITTED","dfs_baseline_nesw_1","http://127.0.1.1:8080/cells/12/11","summary","9",,"1779624416900","1779624416977","77","unknown"
"baseline-vs-ccrs-v1","001-baseline","dfs_baseline.jcm","none","mase-events.jsonl","5110","run-2026-05-24T11-07-04-892Z","6413736","1779624417091","2629","POST","COMMITTED","dfs_baseline_nesw_1","http://127.0.1.1:8080/cells/11/11","summary","9",,"1779624417014","1779624417087","73","unknown"
"baseline-vs-ccrs-v1","001-baseline","dfs_baseline.jcm","none","mase-events.jsonl","5112","run-2026-05-24T11-07-04-892Z","6413738","1779624417198","2630","POST","COMMITTED","dfs_baseline_nesw_1","http://127.0.1.1:8080/cells/11/10","summary","9",,"1779624417120","1779624417198","78","unknown"
"baseline-vs-ccrs-v1","001-baseline","dfs_baseline.jcm","none","mase-events.jsonl","5114","run-2026-05-24T11-07-04-892Z","6413740","1779624417317","2631","POST","COMMITTED","dfs_baseline_nesw_1","http://127.0.1.1:8080/cells/11/9","summary","9",,"1779624417229","1779624417316","87","unknown"
"baseline-vs-ccrs-v1","001-baseline","dfs_baseline.jcm","none","mase-events.jsonl","5116","run-2026-05-24T11-07-04-892Z","6413742","1779624417445","2632","POST","COMMITTED","dfs_baseline_nesw_1","http://127.0.1.1:8080/cells/12/9","summary","9",,"1779624417351","1779624417445","94","unknown"
"baseline-vs-ccrs-v1","001-baseline","dfs_baseline.jcm","none","mase-events.jsonl","5118","run-2026-05-24T11-07-04-892Z","6413744","1779624417566","2633","POST","COMMITTED","dfs_baseline_nesw_1","http://127.0.1.1:8080/cells/11/9","summary","9",,"1779624417479","1779624417565","86","unknown"
"baseline-vs-ccrs-v1","001-baseline","dfs_baseline.jcm","none","mase-events.jsonl","5120","run-2026-05-24T11-07-04-892Z","6413746","1779624417691","2634","POST","COMMITTED","dfs_baseline_nesw_1","http://127.0.1.1:8080/cells/11/8","summary","9",,"1779624417603","1779624417689","86","unknown"
"baseline-vs-ccrs-v1","001-baseline","dfs_baseline.jcm","none","mase-events.jsonl","5122","run-2026-05-24T11-07-04-892Z","6413748","1779624417810","2635","POST","COMMITTED","dfs_baseline_nesw_1","http://127.0.1.1:8080/cells/11/7","summary","9",,"1779624417721","1779624417809","88","unknown"
"baseline-vs-ccrs-v1","001-baseline","dfs_baseline.jcm","none","mase-events.jsonl","5124","run-2026-05-24T11-07-04-892Z","6413750","1779624417934","2636","POST","COMMITTED","dfs_baseline_nesw_1","http://127.0.1.1:8080/cells/11/6","summary","9",,"1779624417841","1779624417930","89","unknown"
"baseline-vs-ccrs-v1","001-baseline","dfs_baseline.jcm","none","mase-events.jsonl","5126","run-2026-05-24T11-07-04-892Z","6413752","1779624418051","2637","POST","COMMITTED","dfs_baseline_nesw_1","http://127.0.1.1:8080/cells/11/5","summary","9",,"1779624417965","1779624418049","84","unknown"
"baseline-vs-ccrs-v1","001-baseline","dfs_baseline.jcm","none","mase-events.jsonl","5128","run-2026-05-24T11-07-04-892Z","6413754","1779624418170","2638","POST","COMMITTED","dfs_baseline_nesw_1","http://127.0.1.1:8080/cells/12/5","summary","9",,"1779624418086","1779624418168","82","unknown"
"baseline-vs-ccrs-v1","001-baseline","dfs_baseline.jcm","none","mase-events.jsonl","5130","run-2026-05-24T11-07-04-892Z","6413756","1779624418300","2639","POST","COMMITTED","dfs_baseline_nesw_1","http://127.0.1.1:8080/cells/12/4","summary","9",,"1779624418210","1779624418299","89","unknown"
"baseline-vs-ccrs-v1","001-baseline","dfs_baseline.jcm","none","mase-events.jsonl","5132","run-2026-05-24T11-07-04-892Z","6413758","1779624418418","2640","POST","COMMITTED","dfs_baseline_nesw_1","http://127.0.1.1:8080/cells/12/3","summary","9",,"1779624418334","1779624418415","81","unknown"
"baseline-vs-ccrs-v1","001-baseline","dfs_baseline.jcm","none","mase-events.jsonl","5134","run-2026-05-24T11-07-04-892Z","6413760","1779624418533","2641","POST","COMMITTED","dfs_baseline_nesw_1","http://127.0.1.1:8080/cells/11/3","summary","9",,"1779624418446","1779624418529","83","unknown"
"baseline-vs-ccrs-v1","001-baseline","dfs_baseline.jcm","none","mase-events.jsonl","5136","run-2026-05-24T11-07-04-892Z","6413762","1779624418659","2642","POST","COMMITTED","dfs_baseline_nesw_1","http://127.0.1.1:8080/cells/10/3","summary","9",,"1779624418570","1779624418659","89","unknown"
"baseline-vs-ccrs-v1","001-baseline","dfs_baseline.jcm","none","mase-events.jsonl","5138","run-2026-05-24T11-07-04-892Z","6413764","1779624418793","2643","POST","COMMITTED","dfs_baseline_nesw_1","http://127.0.1.1:8080/cells/10/2","summary","9",,"1779624418692","1779624418790","98","unknown"
"baseline-vs-ccrs-v1","001-baseline","dfs_baseline.jcm","none","mase-events.jsonl","5140","run-2026-05-24T11-07-04-892Z","6413766","1779624418923","2644","POST","COMMITTED","dfs_baseline_nesw_1","http://127.0.1.1:8080/cells/9/2","summary","9",,"1779624418824","1779624418916","92","unknown"
"baseline-vs-ccrs-v1","001-baseline","dfs_baseline.jcm","none","mase-events.jsonl","5142","run-2026-05-24T11-07-04-892Z","6413768","1779624419042","2645","POST","COMMITTED","dfs_baseline_nesw_1","http://127.0.1.1:8080/cells/8/2","summary","9",,"1779624418952","1779624419042","90","unknown"
"baseline-vs-ccrs-v1","001-baseline","dfs_baseline.jcm","none","mase-events.jsonl","5144","run-2026-05-24T11-07-04-892Z","6413770","1779624419152","2646","POST","COMMITTED","dfs_baseline_nesw_1","http://127.0.1.1:8080/cells/7/2","summary","9",,"1779624419073","1779624419152","79","unknown"
"baseline-vs-ccrs-v1","001-baseline","dfs_baseline.jcm","none","mase-events.jsonl","5146","run-2026-05-24T11-07-04-892Z","6413772","1779624419274","2647","POST","COMMITTED","dfs_baseline_nesw_1","http://127.0.1.1:8080/cells/6/2","summary","9",,"1779624419185","1779624419273","88","unknown"
"baseline-vs-ccrs-v1","001-baseline","dfs_baseline.jcm","none","mase-events.jsonl","5148","run-2026-05-24T11-07-04-892Z","6413774","1779624419402","2648","POST","COMMITTED","dfs_baseline_nesw_1","http://127.0.1.1:8080/cells/5/2","summary","9",,"1779624419309","1779624419401","92","unknown"
"baseline-vs-ccrs-v1","001-baseline","dfs_baseline.jcm","none","mase-events.jsonl","5150","run-2026-05-24T11-07-04-892Z","6413776","1779624419528","2649","POST","COMMITTED","dfs_baseline_nesw_1","http://127.0.1.1:8080/cells/4/2","summary","9",,"1779624419448","1779624419527","79","unknown"
"baseline-vs-ccrs-v1","001-baseline","dfs_baseline.jcm","none","mase-events.jsonl","5152","run-2026-05-24T11-07-04-892Z","6413778","1779624419650","2650","POST","COMMITTED","dfs_baseline_nesw_1","http://127.0.1.1:8080/cells/3/2","summary","9",,"1779624419565","1779624419650","85","unknown"
"baseline-vs-ccrs-v1","001-baseline","dfs_baseline.jcm","none","mase-events.jsonl","5154","run-2026-05-24T11-07-04-892Z","6413780","1779624419779","2651","POST","COMMITTED","dfs_baseline_nesw_1","http://127.0.1.1:8080/cells/2/2","summary","9",,"1779624419685","1779624419778","93","unknown"
"baseline-vs-ccrs-v1","001-baseline","dfs_baseline.jcm","none","mase-events.jsonl","5156","run-2026-05-24T11-07-04-892Z","6413782","1779624419893","2652","POST","COMMITTED","dfs_baseline_nesw_1","http://127.0.1.1:8080/cells/3/2","summary","9",,"1779624419811","1779624419890","79","unknown"
"baseline-vs-ccrs-v1","001-baseline","dfs_baseline.jcm","none","mase-events.jsonl","5158","run-2026-05-24T11-07-04-892Z","6413784","1779624420032","2653","POST","COMMITTED","dfs_baseline_nesw_1","http://127.0.1.1:8080/cells/4/2","summary","9",,"1779624419925","1779624420023","98","unknown"
"baseline-vs-ccrs-v1","001-baseline","dfs_baseline.jcm","none","mase-events.jsonl","5160","run-2026-05-24T11-07-04-892Z","6413786","1779624420153","2654","POST","COMMITTED","dfs_baseline_nesw_1","http://127.0.1.1:8080/cells/4/1","summary","9",,"1779624420060","1779624420151","91","unknown"
"baseline-vs-ccrs-v1","001-baseline","dfs_baseline.jcm","none","mase-events.jsonl","5162","run-2026-05-24T11-07-04-892Z","6413788","1779624420284","2655","POST","COMMITTED","dfs_baseline_nesw_1","http://127.0.1.1:8080/cells/4/2","summary","9",,"1779624420190","1779624420283","93","unknown"
"baseline-vs-ccrs-v1","001-baseline","dfs_baseline.jcm","none","mase-events.jsonl","5164","run-2026-05-24T11-07-04-892Z","6413790","1779624420412","2656","POST","COMMITTED","dfs_baseline_nesw_1","http://127.0.1.1:8080/cells/5/2","summary","9",,"1779624420320","1779624420403","83","unknown"
"baseline-vs-ccrs-v1","001-baseline","dfs_baseline.jcm","none","mase-events.jsonl","5166","run-2026-05-24T11-07-04-892Z","6413792","1779624420527","2657","POST","COMMITTED","dfs_baseline_nesw_1","http://127.0.1.1:8080/cells/5/3","summary","9",,"1779624420440","1779624420526","86","unknown"
"baseline-vs-ccrs-v1","001-baseline","dfs_baseline.jcm","none","mase-events.jsonl","5168","run-2026-05-24T11-07-04-892Z","6413794","1779624420654","2658","POST","COMMITTED","dfs_baseline_nesw_1","http://127.0.1.1:8080/cells/5/4","summary","9",,"1779624420561","1779624420653","92","unknown"
"baseline-vs-ccrs-v1","001-baseline","dfs_baseline.jcm","none","mase-events.jsonl","5170","run-2026-05-24T11-07-04-892Z","6413796","1779624420776","2659","POST","COMMITTED","dfs_baseline_nesw_1","http://127.0.1.1:8080/cells/5/5","summary","9",,"1779624420687","1779624420774","87","unknown"
"baseline-vs-ccrs-v1","001-baseline","dfs_baseline.jcm","none","mase-events.jsonl","5172","run-2026-05-24T11-07-04-892Z","6413798","1779624420900","2660","POST","COMMITTED","dfs_baseline_nesw_1","http://127.0.1.1:8080/cells/5/6","summary","9",,"1779624420804","1779624420899","95","unknown"
"baseline-vs-ccrs-v1","001-baseline","dfs_baseline.jcm","none","mase-events.jsonl","5174","run-2026-05-24T11-07-04-892Z","6413800","1779624421015","2661","POST","COMMITTED","dfs_baseline_nesw_1","http://127.0.1.1:8080/cells/5/7","summary","9",,"1779624420930","1779624421013","83","unknown"
"baseline-vs-ccrs-v1","001-baseline","dfs_baseline.jcm","none","mase-events.jsonl","5176","run-2026-05-24T11-07-04-892Z","6413802","1779624421131","2662","POST","COMMITTED","dfs_baseline_nesw_1","http://127.0.1.1:8080/cells/5/8","summary","9",,"1779624421047","1779624421122","75","unknown"
"baseline-vs-ccrs-v1","001-baseline","dfs_baseline.jcm","none","mase-events.jsonl","5178","run-2026-05-24T11-07-04-892Z","6413804","1779624421246","2663","POST","COMMITTED","dfs_baseline_nesw_1","http://127.0.1.1:8080/cells/5/9","summary","9",,"1779624421156","1779624421246","90","unknown"
"baseline-vs-ccrs-v1","001-baseline","dfs_baseline.jcm","none","mase-events.jsonl","5180","run-2026-05-24T11-07-04-892Z","6413806","1779624421367","2664","POST","COMMITTED","dfs_baseline_nesw_1","http://127.0.1.1:8080/cells/5/8","summary","9",,"1779624421284","1779624421362","78","unknown"
"baseline-vs-ccrs-v1","001-baseline","dfs_baseline.jcm","none","mase-events.jsonl","5182","run-2026-05-24T11-07-04-892Z","6413808","1779624421476","2665","POST","COMMITTED","dfs_baseline_nesw_1","http://127.0.1.1:8080/cells/5/7","summary","9",,"1779624421397","1779624421474","77","unknown"
"baseline-vs-ccrs-v1","001-baseline","dfs_baseline.jcm","none","mase-events.jsonl","5184","run-2026-05-24T11-07-04-892Z","6413810","1779624421602","2666","POST","COMMITTED","dfs_baseline_nesw_1","http://127.0.1.1:8080/cells/5/6","summary","9",,"1779624421510","1779624421599","89","unknown"
"baseline-vs-ccrs-v1","001-baseline","dfs_baseline.jcm","none","mase-events.jsonl","5186","run-2026-05-24T11-07-04-892Z","6413812","1779624421715","2667","POST","COMMITTED","dfs_baseline_nesw_1","http://127.0.1.1:8080/cells/5/5","summary","9",,"1779624421633","1779624421712","79","unknown"
"baseline-vs-ccrs-v1","001-baseline","dfs_baseline.jcm","none","mase-events.jsonl","5188","run-2026-05-24T11-07-04-892Z","6413814","1779624421831","2668","POST","COMMITTED","dfs_baseline_nesw_1","http://127.0.1.1:8080/cells/5/4","summary","9",,"1779624421744","1779624421823","79","unknown"
"baseline-vs-ccrs-v1","001-baseline","dfs_baseline.jcm","none","mase-events.jsonl","5190","run-2026-05-24T11-07-04-892Z","6413816","1779624421945","2669","POST","COMMITTED","dfs_baseline_nesw_1","http://127.0.1.1:8080/cells/5/3","summary","9",,"1779624421856","1779624421944","88","unknown"
"baseline-vs-ccrs-v1","001-baseline","dfs_baseline.jcm","none","mase-events.jsonl","5192","run-2026-05-24T11-07-04-892Z","6413818","1779624422068","2670","POST","COMMITTED","dfs_baseline_nesw_1","http://127.0.1.1:8080/cells/5/2","summary","9",,"1779624421975","1779624422067","92","unknown"
"baseline-vs-ccrs-v1","001-baseline","dfs_baseline.jcm","none","mase-events.jsonl","5194","run-2026-05-24T11-07-04-892Z","6413820","1779624422193","2671","POST","COMMITTED","dfs_baseline_nesw_1","http://127.0.1.1:8080/cells/6/2","summary","9",,"1779624422101","1779624422189","88","unknown"
"baseline-vs-ccrs-v1","001-baseline","dfs_baseline.jcm","none","mase-events.jsonl","5196","run-2026-05-24T11-07-04-892Z","6413822","1779624422313","2672","POST","COMMITTED","dfs_baseline_nesw_1","http://127.0.1.1:8080/cells/7/2","summary","9",,"1779624422226","1779624422312","86","unknown"
"baseline-vs-ccrs-v1","001-baseline","dfs_baseline.jcm","none","mase-events.jsonl","5198","run-2026-05-24T11-07-04-892Z","6413824","1779624422434","2673","POST","COMMITTED","dfs_baseline_nesw_1","http://127.0.1.1:8080/cells/7/3","summary","9",,"1779624422346","1779624422432","86","unknown"
"baseline-vs-ccrs-v1","001-baseline","dfs_baseline.jcm","none","mase-events.jsonl","5200","run-2026-05-24T11-07-04-892Z","6413826","1779624422570","2674","POST","COMMITTED","dfs_baseline_nesw_1","http://127.0.1.1:8080/cells/7/4","summary","9",,"1779624422474","1779624422566","92","unknown"
"baseline-vs-ccrs-v1","001-baseline","dfs_baseline.jcm","none","mase-events.jsonl","5202","run-2026-05-24T11-07-04-892Z","6413828","1779624422683","2675","POST","COMMITTED","dfs_baseline_nesw_1","http://127.0.1.1:8080/cells/8/4","summary","9",,"1779624422601","1779624422681","80","unknown"
"baseline-vs-ccrs-v1","001-baseline","dfs_baseline.jcm","none","mase-events.jsonl","5204","run-2026-05-24T11-07-04-892Z","6413830","1779624422803","2676","POST","COMMITTED","dfs_baseline_nesw_1","http://127.0.1.1:8080/cells/8/5","summary","9",,"1779624422718","1779624422800","82","unknown"
"baseline-vs-ccrs-v1","001-baseline","dfs_baseline.jcm","none","mase-events.jsonl","5206","run-2026-05-24T11-07-04-892Z","6413832","1779624422925","2677","POST","COMMITTED","dfs_baseline_nesw_1","http://127.0.1.1:8080/cells/8/6","summary","9",,"1779624422835","1779624422920","85","unknown"
"baseline-vs-ccrs-v1","001-baseline","dfs_baseline.jcm","none","mase-events.jsonl","5208","run-2026-05-24T11-07-04-892Z","6413834","1779624423046","2678","POST","COMMITTED","dfs_baseline_nesw_1","http://127.0.1.1:8080/cells/8/5","summary","9",,"1779624422958","1779624423045","87","unknown"
"baseline-vs-ccrs-v1","001-baseline","dfs_baseline.jcm","none","mase-events.jsonl","5210","run-2026-05-24T11-07-04-892Z","6413836","1779624423164","2679","POST","COMMITTED","dfs_baseline_nesw_1","http://127.0.1.1:8080/cells/8/4","summary","9",,"1779624423082","1779624423160","78","unknown"
"baseline-vs-ccrs-v1","001-baseline","dfs_baseline.jcm","none","mase-events.jsonl","5212","run-2026-05-24T11-07-04-892Z","6413838","1779624423299","2680","POST","COMMITTED","dfs_baseline_nesw_1","http://127.0.1.1:8080/cells/7/4","summary","9",,"1779624423203","1779624423299","96","unknown"
"baseline-vs-ccrs-v1","001-baseline","dfs_baseline.jcm","none","mase-events.jsonl","5214","run-2026-05-24T11-07-04-892Z","6413840","1779624423412","2681","POST","COMMITTED","dfs_baseline_nesw_1","http://127.0.1.1:8080/cells/7/3","summary","9",,"1779624423331","1779624423411","80","unknown"
"baseline-vs-ccrs-v1","001-baseline","dfs_baseline.jcm","none","mase-events.jsonl","5216","run-2026-05-24T11-07-04-892Z","6413842","1779624423538","2682","POST","COMMITTED","dfs_baseline_nesw_1","http://127.0.1.1:8080/cells/7/2","summary","9",,"1779624423446","1779624423536","90","unknown"
"baseline-vs-ccrs-v1","001-baseline","dfs_baseline.jcm","none","mase-events.jsonl","5218","run-2026-05-24T11-07-04-892Z","6413844","1779624423664","2683","POST","COMMITTED","dfs_baseline_nesw_1","http://127.0.1.1:8080/cells/7/1","summary","9",,"1779624423572","1779624423662","90","unknown"
"baseline-vs-ccrs-v1","001-baseline","dfs_baseline.jcm","none","mase-events.jsonl","5220","run-2026-05-24T11-07-04-892Z","6413846","1779624423796","2684","POST","COMMITTED","dfs_baseline_nesw_1","http://127.0.1.1:8080/cells/7/2","summary","9",,"1779624423697","1779624423790","93","unknown"
"baseline-vs-ccrs-v1","001-baseline","dfs_baseline.jcm","none","mase-events.jsonl","5222","run-2026-05-24T11-07-04-892Z","6413848","1779624423910","2685","POST","COMMITTED","dfs_baseline_nesw_1","http://127.0.1.1:8080/cells/8/2","summary","9",,"1779624423825","1779624423906","81","unknown"
"baseline-vs-ccrs-v1","001-baseline","dfs_baseline.jcm","none","mase-events.jsonl","5224","run-2026-05-24T11-07-04-892Z","6413850","1779624424016","2686","POST","COMMITTED","dfs_baseline_nesw_1","http://127.0.1.1:8080/cells/9/2","summary","9",,"1779624423936","1779624424014","78","unknown"
"baseline-vs-ccrs-v1","001-baseline","dfs_baseline.jcm","none","mase-events.jsonl","5226","run-2026-05-24T11-07-04-892Z","6413852","1779624424128","2687","POST","COMMITTED","dfs_baseline_nesw_1","http://127.0.1.1:8080/cells/9/1","summary","9",,"1779624424047","1779624424127","80","unknown"
"baseline-vs-ccrs-v1","001-baseline","dfs_baseline.jcm","none","mase-events.jsonl","5228","run-2026-05-24T11-07-04-892Z","6413854","1779624424246","2688","POST","COMMITTED","dfs_baseline_nesw_1","http://127.0.1.1:8080/cells/9/2","summary","9",,"1779624424158","1779624424245","87","unknown"
"baseline-vs-ccrs-v1","001-baseline","dfs_baseline.jcm","none","mase-events.jsonl","5230","run-2026-05-24T11-07-04-892Z","6413856","1779624424366","2689","POST","COMMITTED","dfs_baseline_nesw_1","http://127.0.1.1:8080/cells/10/2","summary","9",,"1779624424278","1779624424363","85","unknown"
"baseline-vs-ccrs-v1","001-baseline","dfs_baseline.jcm","none","mase-events.jsonl","5232","run-2026-05-24T11-07-04-892Z","6413858","1779624424484","2690","POST","COMMITTED","dfs_baseline_nesw_1","http://127.0.1.1:8080/cells/10/3","summary","9",,"1779624424396","1779624424483","87","unknown"
"baseline-vs-ccrs-v1","001-baseline","dfs_baseline.jcm","none","mase-events.jsonl","5234","run-2026-05-24T11-07-04-892Z","6413860","1779624424602","2691","POST","COMMITTED","dfs_baseline_nesw_1","http://127.0.1.1:8080/cells/11/3","summary","9",,"1779624424514","1779624424600","86","unknown"
"baseline-vs-ccrs-v1","001-baseline","dfs_baseline.jcm","none","mase-events.jsonl","5236","run-2026-05-24T11-07-04-892Z","6413862","1779624424731","2692","POST","COMMITTED","dfs_baseline_nesw_1","http://127.0.1.1:8080/cells/12/3","summary","9",,"1779624424638","1779624424730","92","unknown"
"baseline-vs-ccrs-v1","001-baseline","dfs_baseline.jcm","none","mase-events.jsonl","5238","run-2026-05-24T11-07-04-892Z","6413864","1779624424852","2693","POST","COMMITTED","dfs_baseline_nesw_1","http://127.0.1.1:8080/cells/12/2","summary","9",,"1779624424763","1779624424851","88","unknown"
"baseline-vs-ccrs-v1","001-baseline","dfs_baseline.jcm","none","mase-events.jsonl","5240","run-2026-05-24T11-07-04-892Z","6413866","1779624424969","2694","POST","COMMITTED","dfs_baseline_nesw_1","http://127.0.1.1:8080/cells/12/1","summary","9",,"1779624424883","1779624424964","81","unknown"
"baseline-vs-ccrs-v1","001-baseline","dfs_baseline.jcm","none","mase-events.jsonl","5242","run-2026-05-24T11-07-04-892Z","6413868","1779624425086","2695","POST","COMMITTED","dfs_baseline_nesw_1","http://127.0.1.1:8080/cells/12/2","summary","9",,"1779624424997","1779624425086","89","unknown"
"baseline-vs-ccrs-v1","001-baseline","dfs_baseline.jcm","none","mase-events.jsonl","5244","run-2026-05-24T11-07-04-892Z","6413870","1779624425205","2696","POST","COMMITTED","dfs_baseline_nesw_1","http://127.0.1.1:8080/cells/12/3","summary","9",,"1779624425127","1779624425203","76","unknown"
"baseline-vs-ccrs-v1","001-baseline","dfs_baseline.jcm","none","mase-events.jsonl","5246","run-2026-05-24T11-07-04-892Z","6413872","1779624425332","2697","POST","COMMITTED","dfs_baseline_nesw_1","http://127.0.1.1:8080/cells/12/4","summary","9",,"1779624425234","1779624425322","88","unknown"
"baseline-vs-ccrs-v1","001-baseline","dfs_baseline.jcm","none","mase-events.jsonl","5248","run-2026-05-24T11-07-04-892Z","6413874","1779624425438","2698","POST","COMMITTED","dfs_baseline_nesw_1","http://127.0.1.1:8080/cells/12/5","summary","9",,"1779624425353","1779624425436","83","unknown"
"baseline-vs-ccrs-v1","001-baseline","dfs_baseline.jcm","none","mase-events.jsonl","5250","run-2026-05-24T11-07-04-892Z","6413876","1779624425560","2699","POST","COMMITTED","dfs_baseline_nesw_1","http://127.0.1.1:8080/cells/11/5","summary","9",,"1779624425474","1779624425556","82","unknown"
"baseline-vs-ccrs-v1","001-baseline","dfs_baseline.jcm","none","mase-events.jsonl","5252","run-2026-05-24T11-07-04-892Z","6413878","1779624425689","2700","POST","COMMITTED","dfs_baseline_nesw_1","http://127.0.1.1:8080/cells/11/6","summary","9",,"1779624425594","1779624425687","93","unknown"
"baseline-vs-ccrs-v1","001-baseline","dfs_baseline.jcm","none","mase-events.jsonl","5254","run-2026-05-24T11-07-04-892Z","6413880","1779624425797","2701","POST","COMMITTED","dfs_baseline_nesw_1","http://127.0.1.1:8080/cells/10/6","summary","9",,"1779624425719","1779624425796","77","unknown"
"baseline-vs-ccrs-v1","001-baseline","dfs_baseline.jcm","none","mase-events.jsonl","5256","run-2026-05-24T11-07-04-892Z","6413882","1779624425912","2702","POST","COMMITTED","dfs_baseline_nesw_1","http://127.0.1.1:8080/cells/9/6","summary","9",,"1779624425835","1779624425911","76","unknown"
"baseline-vs-ccrs-v1","001-baseline","dfs_baseline.jcm","none","mase-events.jsonl","5258","run-2026-05-24T11-07-04-892Z","6413884","1779624426039","2703","POST","COMMITTED","dfs_baseline_nesw_1","http://127.0.1.1:8080/cells/8/6","summary","9",,"1779624425947","1779624426038","91","unknown"
"baseline-vs-ccrs-v1","001-baseline","dfs_baseline.jcm","none","mase-events.jsonl","5260","run-2026-05-24T11-07-04-892Z","6413886","1779624426173","2704","POST","COMMITTED","dfs_baseline_nesw_1","http://127.0.1.1:8080/cells/8/7","summary","9",,"1779624426075","1779624426168","93","unknown"
"baseline-vs-ccrs-v1","001-baseline","dfs_baseline.jcm","none","mase-events.jsonl","5262","run-2026-05-24T11-07-04-892Z","6413888","1779624426291","2705","POST","COMMITTED","dfs_baseline_nesw_1","http://127.0.1.1:8080/cells/8/8","summary","9",,"1779624426203","1779624426288","85","unknown"
"baseline-vs-ccrs-v1","001-baseline","dfs_baseline.jcm","none","mase-events.jsonl","5264","run-2026-05-24T11-07-04-892Z","6413890","1779624426405","2706","POST","COMMITTED","dfs_baseline_nesw_1","http://127.0.1.1:8080/cells/7/8","summary","9",,"1779624426323","1779624426402","79","unknown"
"baseline-vs-ccrs-v1","001-baseline","dfs_baseline.jcm","none","mase-events.jsonl","5266","run-2026-05-24T11-07-04-892Z","6413892","1779624426531","2707","POST","COMMITTED","dfs_baseline_nesw_1","http://127.0.1.1:8080/cells/7/9","summary","9",,"1779624426437","1779624426527","90","unknown"
"baseline-vs-ccrs-v1","001-baseline","dfs_baseline.jcm","none","mase-events.jsonl","5268","run-2026-05-24T11-07-04-892Z","6413894","1779624426663","2708","POST","COMMITTED","dfs_baseline_nesw_1","http://127.0.1.1:8080/cells/6/9","summary","9",,"1779624426564","1779624426663","99","unknown"
"baseline-vs-ccrs-v1","001-baseline","dfs_baseline.jcm","none","mase-events.jsonl","5270","run-2026-05-24T11-07-04-892Z","6413896","1779624426783","2709","POST","COMMITTED","dfs_baseline_nesw_1","http://127.0.1.1:8080/cells/5/9","summary","9",,"1779624426695","1779624426782","87","unknown"
"baseline-vs-ccrs-v1","001-baseline","dfs_baseline.jcm","none","mase-events.jsonl","5272","run-2026-05-24T11-07-04-892Z","6413898","1779624426900","2710","POST","COMMITTED","dfs_baseline_nesw_1","http://127.0.1.1:8080/cells/4/9","summary","9",,"1779624426814","1779624426897","83","unknown"
"baseline-vs-ccrs-v1","001-baseline","dfs_baseline.jcm","none","mase-events.jsonl","5274","run-2026-05-24T11-07-04-892Z","6413900","1779624427031","2711","POST","COMMITTED","dfs_baseline_nesw_1","http://127.0.1.1:8080/cells/3/9","summary","9",,"1779624426932","1779624427019","87","unknown"
"baseline-vs-ccrs-v1","001-baseline","dfs_baseline.jcm","none","mase-events.jsonl","5276","run-2026-05-24T11-07-04-892Z","6413902","1779624427146","2712","POST","COMMITTED","dfs_baseline_nesw_1","http://127.0.1.1:8080/cells/3/8","summary","9",,"1779624427058","1779624427142","84","unknown"
"baseline-vs-ccrs-v1","001-baseline","dfs_baseline.jcm","none","mase-events.jsonl","5278","run-2026-05-24T11-07-04-892Z","6413904","1779624427263","2713","POST","COMMITTED","dfs_baseline_nesw_1","http://127.0.1.1:8080/cells/3/7","summary","9",,"1779624427176","1779624427261","85","unknown"
"baseline-vs-ccrs-v1","001-baseline","dfs_baseline.jcm","none","mase-events.jsonl","5280","run-2026-05-24T11-07-04-892Z","6413906","1779624427375","2714","POST","COMMITTED","dfs_baseline_nesw_1","http://127.0.1.1:8080/cells/3/6","summary","9",,"1779624427292","1779624427372","80","unknown"
"baseline-vs-ccrs-v1","001-baseline","dfs_baseline.jcm","none","mase-events.jsonl","5282","run-2026-05-24T11-07-04-892Z","6413908","1779624427492","2715","POST","COMMITTED","dfs_baseline_nesw_1","http://127.0.1.1:8080/cells/3/5","summary","9",,"1779624427406","1779624427489","83","unknown"
"baseline-vs-ccrs-v1","001-baseline","dfs_baseline.jcm","none","mase-events.jsonl","5284","run-2026-05-24T11-07-04-892Z","6413910","1779624427601","2716","POST","COMMITTED","dfs_baseline_nesw_1","http://127.0.1.1:8080/cells/3/6","summary","9",,"1779624427520","1779624427596","76","unknown"
"baseline-vs-ccrs-v1","001-baseline","dfs_baseline.jcm","none","mase-events.jsonl","5286","run-2026-05-24T11-07-04-892Z","6413912","1779624427714","2717","POST","COMMITTED","dfs_baseline_nesw_1","http://127.0.1.1:8080/cells/2/6","summary","9",,"1779624427628","1779624427712","84","unknown"
"baseline-vs-ccrs-v1","001-baseline","dfs_baseline.jcm","none","mase-events.jsonl","5288","run-2026-05-24T11-07-04-892Z","6413914","1779624427834","2718","POST","COMMITTED","dfs_baseline_nesw_1","http://127.0.1.1:8080/cells/1/6","summary","9",,"1779624427746","1779624427831","85","unknown"
"baseline-vs-ccrs-v1","001-baseline","dfs_baseline.jcm","none","mase-events.jsonl","5290","run-2026-05-24T11-07-04-892Z","6413916","1779624427947","2719","POST","COMMITTED","dfs_baseline_nesw_1","http://127.0.1.1:8080/cells/1/5","summary","9",,"1779624427862","1779624427943","81","unknown"
"baseline-vs-ccrs-v1","001-baseline","dfs_baseline.jcm","none","mase-events.jsonl","5292","run-2026-05-24T11-07-04-892Z","6413918","1779624428061","2720","POST","COMMITTED","dfs_baseline_nesw_1","http://127.0.1.1:8080/cells/1/4","summary","9",,"1779624427977","1779624428058","81","unknown"
"baseline-vs-ccrs-v1","001-baseline","dfs_baseline.jcm","none","mase-events.jsonl","5294","run-2026-05-24T11-07-04-892Z","6413920","1779624428182","2721","POST","COMMITTED","dfs_baseline_nesw_1","http://127.0.1.1:8080/cells/2/4","summary","9",,"1779624428090","1779624428180","90","unknown"
"baseline-vs-ccrs-v1","001-baseline","dfs_baseline.jcm","none","mase-events.jsonl","5296","run-2026-05-24T11-07-04-892Z","6413922","1779624428305","2722","POST","COMMITTED","dfs_baseline_nesw_1","http://127.0.1.1:8080/cells/2/3","summary","9",,"1779624428219","1779624428303","84","unknown"
"baseline-vs-ccrs-v1","001-baseline","dfs_baseline.jcm","none","mase-events.jsonl","5298","run-2026-05-24T11-07-04-892Z","6413924","1779624428422","2723","POST","COMMITTED","dfs_baseline_nesw_1","http://127.0.1.1:8080/cells/2/2","summary","9",,"1779624428341","1779624428421","80","unknown"
"baseline-vs-ccrs-v1","001-baseline","dfs_baseline.jcm","none","mase-events.jsonl","5300","run-2026-05-24T11-07-04-892Z","6413926","1779624428540","2724","POST","COMMITTED","dfs_baseline_nesw_1","http://127.0.1.1:8080/cells/2/1","summary","9",,"1779624428454","1779624428537","83","unknown"
"baseline-vs-ccrs-v1","001-baseline","dfs_baseline.jcm","none","mase-events.jsonl","5302","run-2026-05-24T11-07-04-892Z","6413928","1779624428668","2725","POST","COMMITTED","dfs_baseline_nesw_1","http://127.0.1.1:8080/cells/2/2","summary","9",,"1779624428572","1779624428668","96","unknown"
"baseline-vs-ccrs-v1","001-baseline","dfs_baseline.jcm","none","mase-events.jsonl","5304","run-2026-05-24T11-07-04-892Z","6413930","1779624428797","2726","POST","COMMITTED","dfs_baseline_nesw_1","http://127.0.1.1:8080/cells/1/2","summary","9",,"1779624428702","1779624428794","92","unknown"
"baseline-vs-ccrs-v1","001-baseline","dfs_baseline.jcm","none","mase-events.jsonl","5306","run-2026-05-24T11-07-04-892Z","6413932","1779624428920","2727","POST","COMMITTED","dfs_baseline_nesw_1","http://127.0.1.1:8080/cells/0/2","summary","9",,"1779624428827","1779624428919","92","unknown"
"baseline-vs-ccrs-v1","001-baseline","dfs_baseline.jcm","none","mase-events.jsonl","5308","run-2026-05-24T11-07-04-892Z","6413934","1779624429041","2728","POST","COMMITTED","dfs_baseline_nesw_1","http://127.0.1.1:8080/cells/0","summary","9",,"1779624428954","1779624429041","87","unknown"
